id,name,host_id,host_profile_id,host_name,neighbourhood_group,neighbourhood,latitude,longitude,room_type,price,minimum_nights,number_of_reviews,last_review,reviews_per_month,calculated_host_listings_count,availability_365,number_of_reviews_ltm,license
2992450,Luxury 2 bedroom apartment,4621559,1462661762635155041,Kenneth,,THIRD WARD,42.65789,-73.7537,Entire home/apt,80,28,9,2022-08-17,0.06,1,77,0,
3820211,Restored Precinct in Center Sq. w/Parking,19648678,1463087024016718788,Ming,,SIXTH WARD,42.65222,-73.76724,Entire home/apt,211,1,317,2026-01-25,2.20,7,328,8,
5651579,Large studio apt  by Capital Center & ESP@,29288920,1465431505328745177,Gregg,,SECOND WARD,42.64615,-73.75966,Entire home/apt,97,1,406,2026-06-12,3.00,2,25,37,
6623339,Center Sq. Loft in Converted Precinct w/ Parking,19648678,1463087024016718788,Ming,,SIXTH WARD,42.65222,-73.76724,Entire home/apt,160,1,332,2025-06-30,2.47,7,359,1,
9501054,Spacious suite with full bath by Capital  Center,29288920,1465431505328745177,Gregg,,SECOND WARD,42.64734,-73.75851,Private room,86,1,469,2026-06-09,3.71,2,235,47,
10768745,Alb hospital area studio bath wifi. (Red),5691268,1462687000374947891,Elizabeth,,FOURTEENTH WARD,42.66078,-73.80553,Private room,58,1,906,2026-06-01,7.18,2,154,103,
11253948,/Fire Place Bungalow\ 1917 SUNY Eagle 6Beds 2Baths,4259750,1462534529294832741,Peter,,FIFTEENTH WARD,42.67567,-73.82438,Entire home/apt,277,1,227,2026-05-24,1.86,8,357,36,
11639446,$55twin($30 foreign student)FreeBF Noa/c no smoke,61700428,1466759141736283314,Abdullah,,ELEVENTH WARD,42.67583,-73.78297,Private room,63,15,231,2024-02-29,1.89,2,364,0,
12799126,Private Room in the Hearth of the Albany,69729286,1462790700336018491,Musab,,SIXTH WARD,42.65154,-73.76867,Private room,64,5,29,2025-08-09,0.41,2,263,1,
13083497,Pristine Cape Cod on the Creek - 4 Large Bedrooms!,1364123,1462517583121314645,Akhilesh,,FIFTEENTH WARD,42.66972,-73.82753,Entire home/apt,313,2,200,2026-06-14,1.65,1,319,11,
14316232,"Unique Modern Room, Perfect Location Albany",36438637,1462672002391360660,Chad,,TENTH WARD,42.65726,-73.78219,Private room,52,18,55,2026-02-28,0.46,2,276,1,
14989805,/Miller Colonial\ 1946 SUNY Eagle Hill 5Bed 2Baths,4259750,1462534529294832741,Peter,,FIFTEENTH WARD,42.673512,-73.819679,Entire home/apt,394,1,143,2026-05-22,1.22,8,305,30,
15580397,Albany Medical/Downtown Albany/Colleges/ ROOM H,89705052,1467086595495050432,Share,,NINTH WARD,42.65651,-73.77887,Private room,69,2,55,2025-11-20,0.50,2,97,7,
16531782,On a little park in Albany pine hills. (Blue),5691268,1462687000374947891,Elizabeth,,FOURTEENTH WARD,42.66075,-73.80605,Private room,92,1,604,2026-06-01,8.20,2,333,108,
17238066,"$53($25 foreign student)Twin, noa/cno
Smoke freeBF",61700428,1466759141736283314,Abdullah,,FIFTH WARD,42.67614,-73.78169,Private room,61,15,132,2024-08-01,1.18,2,364,0,
17514620,Cozy Modern Room Perfect Location Albany,36438637,1462672002391360660,Chad,,TENTH WARD,42.6584,-73.78309,Private room,52,1,56,2024-11-02,0.50,2,332,0,
18341426,/Sauna Ranch 1961\ SUNY Eagle Hill 4Beds 1Bath,4259750,1462534529294832741,Peter,,FIFTEENTH WARD,42.67637,-73.82395,Entire home/apt,412,2,58,2024-08-13,0.58,8,350,0,
19527043,Charming 1 Bedroom in a Historic Residential Home,15223767,1462957190806823558,Ed,,NINTH WARD,42.65312,-73.78161,Private room,92,1,92,2026-04-10,0.99,3,228,10,
20519885,5BedroomHome InAlbany 9YRSuperHost,67171774,1466830017061407026,Michael And Flerida,,FOURTEENTH WARD,42.65846,-73.80201,Entire home/apt,388,4,132,2026-05-27,1.26,1,334,15,
20620135,/Red Warhol Ranch\ 1959 SUNY Eagle Hill 4beds1Bath,4259750,1462534529294832741,Peter,,FIFTEENTH WARD,42.675,-73.82382,Entire home/apt,246,1,102,2026-03-08,0.97,8,324,21,
20633175,"Garden Apartment, on the Park, close to Capital.",65414985,1466808985903086145,James,,SEVENTH WARD,42.64939,-73.76865,Entire home/apt,194,2,132,2025-10-20,1.32,2,355,1,
20671966,"The Metropolitan,3rd floor suite",98744672,1462867442279269365,Bela,,NINTH WARD,42.65532,-73.78244,Entire home/apt,129,2,54,2026-05-28,0.51,8,258,6,
21052414,Cozy bedroom with (2) walk-in closets,135717458,1468352157974798933,Chad,,THIRTEENTH WARD,42.66565,-73.77975,Private room,51,18,49,2026-01-09,0.51,3,359,3,
21392315,The Blair Suite,98744672,1462867442279269365,Bela,,NINTH WARD,42.65372,-73.78244,Entire home/apt,132,2,140,2026-02-28,1.34,8,259,8,
21449583,/zBig Blue Ranch\ 1962 SUNY Eagle Hill 4Beds 2Bath,4259750,1462534529294832741,Peter,,FIFTEENTH WARD,42.67547,-73.82402,Entire home/apt,846,4,9,2025-08-05,0.09,8,364,1,
21752534,"NEW LISTING! Modern, completely updated, LOCATION!",152762198,1468498032337807838,Allen,,TENTH WARD,42.66045,-73.77833,Entire home/apt,114,3,191,2026-05-13,1.83,9,236,10,
21769213,Cozy downstairs bedroom in quiet neighborhood!,135717458,1468352157974798933,Chad,,ELEVENTH WARD,42.66572,-73.77834,Private room,,18,36,2026-01-30,0.35,3,17,4,
21769439,Cozy upstairs room with (1) walk-in closet,135717458,1468352157974798933,Chad,,ELEVENTH WARD,42.66703,-73.77842,Private room,49,20,28,2026-01-02,0.27,3,303,2,
22398196,Elegant Guest Suite in our beautiful Victorian!,98744672,1462867442279269365,Bela,,NINTH WARD,42.65501,-73.78122,Private room,103,2,142,2026-06-11,1.38,8,312,20,
24606880,The Western Suite,98744672,1462867442279269365,Bela,,NINTH WARD,42.65431,-73.78178,Private room,97,2,58,2026-05-26,0.62,8,352,8,
25549565,Quiet and Pretty in the Heart of Center Square,9666970,1462820120726330552,Janet,,SIXTH WARD,42.65345,-73.7645,Entire home/apt,115,1,996,2026-05-31,10.20,1,102,61,
26139592,Garden Apartment in Ctr. Square: Monthly Discounts,6833937,1529315156049517032,Farah,,SIXTH WARD,42.65403,-73.76325,Entire home/apt,137,2,173,2026-06-14,1.81,1,309,31,
27670660,The Rock & Roll Suite,98744672,1462867442279269365,Bela,,NINTH WARD,42.6543083190918,-73.78177642822266,Private room,100,2,39,2026-05-18,0.44,8,296,13,
27692601,Albany Cozy home with fireplaces and Sunroom,202580880,1469057011898808987,Rosanne,,EIGHTH WARD,42.64514,-73.80668,Entire home/apt,343,2,17,2026-05-17,0.18,1,169,3,
28400263,Private Room in Historic Residential Home,15223767,1462957190806823558,Ed,,NINTH WARD,42.65464,-73.78348,Private room,69,1,280,2026-05-08,3.03,3,224,10,
28722270,Historic Loft Suite @ Downtown Albany,44434571,1462696988014217001,Earl Vanze,,SECOND WARD,42.64535,-73.75365,Entire home/apt,142,1,749,2026-06-09,8.14,11,353,57,
28868857,Cozy Garden 2-Bed Full Amenities @ Downtown Albany,44434571,1462696988014217001,Earl Vanze,,SECOND WARD,42.64535,-73.75365,Entire home/apt,119,1,692,2026-06-02,7.57,11,338,61,
28929840,"Spacious
private suite and private bath",194113768,1469010890368278657,Rachel,,FOURTH WARD,42.6737,-73.75313,Private room,195,1,9,2026-05-17,0.10,1,149,2,
29605579,Funky Urban Gem: Prime Central Location - Parking!,19648678,1463087024016718788,Ming,,SIXTH WARD,42.65235,-73.76714,Entire home/apt,186,1,137,2026-05-02,1.48,7,357,30,
30189794,Seashore Suite At The Inn on South Lake,98744672,1462867442279269365,Bela,,NINTH WARD,42.6533,-73.78114,Private room,100,2,78,2026-04-30,0.87,8,225,10,
32279028,"Cosy, comfy and quiet for one",172223381,1468671993638692507,Diana,,EIGHTH WARD,42.64936,-73.80278,Private room,,1,220,2026-02-27,2.46,2,0,7,
32450400,Moroccan Sands,97330032,1467172438450505870,Sherrell,,FOURTH WARD,42.6761,-73.73825,Private room,203,3,1,2024-10-28,0.05,1,270,0,
32993402,Historic Full Amenities 2BR Apt @Downtown Albany,44434571,1462696988014217001,Earl Vanze,,SECOND WARD,42.64563,-73.75311,Entire home/apt,188,1,488,2026-06-06,5.53,11,348,36,
33558235,"Historic, Spacious & Fun 2BR Apt @ Downtown Albany",44434571,1462696988014217001,Earl Vanze,,SECOND WARD,42.64585,-73.75297,Entire home/apt,186,1,505,2026-05-24,5.79,11,350,42,
35793179,Cozy Bedroom in Historic Residential Home,15223767,1462957190806823558,Ed,,SEVENTH WARD,42.65259,-73.78223,Private room,69,1,224,2026-04-01,2.65,3,228,26,
35914565,Perfect Downtown Base | 1BR + Free Parking,232967878,1468802372405829537,Diana,,SECOND WARD,42.64506,-73.75727,Entire home/apt,145,2,336,2026-05-30,3.97,14,73,25,
36443605,Sophisticated Retreat: 2BR in heart of Albany,188679144,1468977843653292721,Elizabeth,,THIRTEENTH WARD,42.66619,-73.79031,Entire home/apt,97,30,54,2024-08-14,0.64,11,365,0,
38321579,Comfy and quiet,172223381,1468671993638692507,Diana,,EIGHTH WARD,42.65085,-73.80239,Private room,75,1,490,2026-06-14,5.95,2,236,65,
39093517,Center Sq 2BR Brownstone | Walk Capitol | Parking,299638115,1469539483862628822,Flerida,,SIXTH WARD,42.65507,-73.76138,Entire home/apt,230,1,57,2026-04-19,0.72,4,306,11,
39698576,Spacious Designer 1-Bed Near Albany Med,188679144,1468977843653292721,Elizabeth,,NINTH WARD,42.65483,-73.78033,Entire home/apt,132,5,25,2026-04-07,0.31,11,269,1,
39864828,Stunning Bungalo-style Loft in Downtown Albany,10313615,1462573636941866633,Matthew,,FOURTH WARD,42.66091,-73.74285,Entire home/apt,303,1,247,2026-04-26,3.16,1,169,9,
40491172,"Renovated, private parking,location, washer dryer!",152762198,1468498032337807838,Allen,,THIRTEENTH WARD,42.66827,-73.79231,Entire home/apt,137,3,147,2026-05-17,1.85,9,254,16,
40828178,Comfortable! One Bedroom A/C Apartment Queen Bed,47491906,1462706824969114136,Lloyd,,FOURTH WARD,42.67773,-73.73899,Entire home/apt,177,1,175,2026-06-11,2.24,1,224,2,
42009788,Center Square Sanctuary: Private 2-Bedroom Gem,188679144,1468977843653292721,Elizabeth,,SIXTH WARD,42.65315,-73.76202,Entire home/apt,132,7,25,2025-06-07,0.32,11,360,0,
42567833,Homey,339085327,1469660907478822967,Arkady,,NINTH WARD,42.65567,-73.7854,Entire home/apt,78,70,0,,,1,365,0,
42763847,Charming dog friendly home with private yard!,649068,1462524902671573394,Anthony,,FIRST WARD,42.63876,-73.78535,Entire home/apt,294,1,142,2026-06-04,1.90,1,140,24,
43208391,Cozy Historic 2BD Apt @ Downtown Albany,272907816,1469440311505165885,Angela,,SECOND WARD,42.64453,-73.75426,Entire home/apt,293,1,134,2026-06-07,1.92,3,74,19,
43459803,Center Sq Brownstone - Walk To Capitol - Parking,299638115,1469539483862628822,Flerida,,SIXTH WARD,42.65556,-73.76205,Entire home/apt,301,1,24,2025-12-11,0.37,4,365,6,
43736299,*The Blue House* Incredible 3 Bedroom Apartment,349460842,1469695254081708328,Scott,,TENTH WARD,42.66257,-73.78281,Entire home/apt,,,131,2024-10-28,1.80,21,0,0,
43955950,* Quaint home located in residential neighborhood*,232967878,1468802372405829537,Diana,,EIGHTH WARD,42.64383,-73.78926,Entire home/apt,371,2,92,2026-05-17,1.27,14,58,1,
44180048,Historic Queen Studio Across from Washington Park!,355777684,1463516757680974768,Lloyd,,SIXTH WARD,42.65935,-73.76805,Entire home/apt,140,1,401,2026-06-13,5.57,3,306,29,
44265426,Parkside Queen 1 Bedroom (1800's) Brownstone!,355777684,1463516757680974768,Lloyd,,SIXTH WARD,42.66006,-73.76966,Entire home/apt,159,1,330,2026-06-06,4.61,3,320,28,
44450012,Spacious upscale luxury apartment with huge yard,353498132,1463513883551164046,Michael,,EIGHTH WARD,42.64808,-73.7996,Entire home/apt,174,13,28,2026-04-13,0.40,6,242,2,
45024912,Private Apt Queen 1 Bed Sanctuary with many Extras,362851072,1469728623456169392,Elsa,,FOURTEENTH WARD,42.66132,-73.7956,Entire home/apt,168,1,134,2026-06-07,1.90,1,358,5,
45074220,Secluded Studio Loft 3fl@ Historic Downtown Albany,272907816,1469440311505165885,Angela,,SECOND WARD,42.64454,-73.75369,Entire home/apt,166,1,57,2026-06-14,0.99,3,73,17,
45528939,UNIQUE Gem in HEART of Albany ★ Spiral Staircase,47625981,1462707263288165799,Linda,,SECOND WARD,42.64801,-73.75668,Entire home/apt,217,1,102,2026-04-12,1.56,16,185,3,
45529316,WOW ★ Bright Apt ★ PRIME downtown Walk Everywhere,47625981,1462707263288165799,Linda,,SECOND WARD,42.64821,-73.75793,Entire home/apt,217,1,132,2026-02-26,2.01,16,330,9,
45529447,★ 2 BEDROOM / 1 BATH TRENDY Apt ★ Downtown Albany,47625981,1462707263288165799,Linda,,SECOND WARD,42.64713,-73.75628,Entire home/apt,234,1,155,2026-05-08,2.37,16,183,9,
46894493,Our Antique Bungalow,69789449,1466863849029352778,Dan,,NINTH WARD,42.65311,-73.78525,Entire home/apt,331,1,280,2026-05-17,4.29,1,234,22,
47334913,"Newly renovated,Amazing Location,private parking",152762198,1468498032337807838,Allen,,THIRTEENTH WARD,42.66646,-73.79184,Entire home/apt,134,3,121,2026-05-21,1.85,9,243,25,
47345872,Bright large 1 bdr loft in Center Sq -free parking,19648678,1463087024016718788,Ming,,SIXTH WARD,42.65345,-73.76663,Entire home/apt,180,1,116,2026-06-05,1.78,7,335,51,
47408047,"Quiet cozy apartment, private laundry, great spot!",152762198,1468498032337807838,Allen,,FOURTEENTH WARD,42.67156,-73.80883,Entire home/apt,122,3,85,2026-05-24,1.31,9,335,14,
47440071,The Loft Suite @ The Historic Jesse Buel House,382970529,1463574448322349045,Thomas,,THIRTEENTH WARD,42.6692,-73.79849,Private room,150,1,216,2026-05-14,3.27,12,2,43,
47828453,Center Sq 2BR Brownstone | Parking | Walk Capitol,299638115,1469539483862628822,Flerida,,THIRD WARD,42.656,-73.76123,Entire home/apt,198,1,29,2026-02-26,0.44,4,205,8,
47943571,Downtown Albany 1 Bed + Workstation @ Maiden Lane,385664127,1469792751916945840,Dillon,,THIRD WARD,42.65118,-73.75274,Entire home/apt,218,1,190,2026-05-13,2.92,2,248,20,
48052353,*The Rustic Home* 3 Bedroom Second Floor Apartment,349460842,1469695254081708328,Scott,,TENTH WARD,42.66261,-73.78332,Entire home/apt,265,1,175,2026-05-16,2.69,21,331,8,
48124042,Downtown Albany 2 Bedroom + Workstation @ The Mark,385664127,1469792751916945840,Dillon,,THIRD WARD,42.64982,-73.7509,Entire home/apt,276,1,257,2026-05-21,4.35,2,162,26,
48172884,The Down Under Suite,98744672,1462867442279269365,Bela,,NINTH WARD,42.65399,-73.78126,Private room,86,2,92,2026-06-06,1.43,8,265,14,
48470454,"/ New Giant Victorian \ 7beds 6 baths + 2x 85"" TVs",4259750,1462534529294832741,Peter,,THIRTEENTH WARD,42.66526412963867,-73.78692626953125,Entire home/apt,1041,1,67,2026-05-24,1.41,8,339,22,
48599533,Capital View I,392074908,1463595615159577266,Jerry,,SIXTH WARD,42.65429,-73.75986,Entire home/apt,149,2,109,2026-05-18,1.85,3,146,6,
50171851,Beautiful Center Square Garden-Level Unit,48490017,1465734650569140554,Todd,,SIXTH WARD,42.65157,-73.76546,Entire home/apt,127,2,221,2026-05-11,3.75,1,88,30,
50207226,★ RARE 1BR Apt with Character GREAT Location! W/D★,47625981,1462707263288165799,Linda,,FOURTH WARD,42.65888,-73.74673,Entire home/apt,215,1,105,2026-05-09,1.72,16,185,16,
50211226,"Studio in Heart of the City, Minus the Chaos",105597161,1467275899081917666,Katelyn,,ELEVENTH WARD,42.66034,-73.77163,Entire home/apt,189,2,201,2026-05-19,3.70,1,318,16,
50354540,Heart of Center Square: Designer 2-Bed Retreat,188679144,1468977843653292721,Elizabeth,,SIXTH WARD,42.65333,-73.76402,Entire home/apt,207,3,20,2025-10-05,0.33,11,362,4,
50639032,"Sunny Queen bed, Quiet w/Beautiful Garden",172539578,1468674780519988222,David Yisrael,,FIFTEENTH WARD,42.67945,-73.81647,Private room,96,3,46,2025-08-10,0.80,1,119,1,
50890336,"★CHIC, Renovated Brownstone★ in PRIME DT Albany",47625981,1462707263288165799,Linda,,FOURTH WARD,42.65901,-73.74748,Entire home/apt,217,1,47,2026-01-19,0.79,16,194,2,
51230498,"Chic-romantic, center-city, hotel-style apartment.",414738935,1469887436147360903,Sonya,,THIRD WARD,42.66064,-73.76074,Entire home/apt,112,1,278,2025-11-13,4.65,1,125,23,
51461480,🍃Chic & Cozy Near Washington Park Garden Suite,416799784,1469894945270970450,Rosie,,TENTH WARD,42.65969,-73.77564,Entire home/apt,126,1,32,2026-03-31,0.57,1,146,3,
51579900,★MODERN 1BR GREAT Location Downtown! W/D Parking!★,47625981,1462707263288165799,Linda,,FOURTH WARD,42.65856,-73.74866,Entire home/apt,166,1,89,2026-05-17,1.51,16,131,10,
51592836,Lovely 1 Bedroom Unit In Historic Brownstone!,60293220,1466741239795455187,David,,THIRD WARD,42.65844,-73.74978,Entire home/apt,162,2,98,2026-05-17,1.72,3,360,8,
52152157,"Modern space, everything you could want!",152762198,1468498032337807838,Allen,,FIRST WARD,42.63066,-73.77357,Entire home/apt,196,3,93,2026-05-26,1.62,9,135,20,
52241973,Garden Apartment in Historic Center Square Home,35465673,1465524025417752024,Jason,,SIXTH WARD,42.65641,-73.76413,Entire home/apt,118,1,401,2026-05-31,7.06,1,59,75,
52360097,Empire Plaza View II,392074908,1463595615159577266,Jerry,,SIXTH WARD,42.65386,-73.75958,Entire home/apt,149,2,81,2026-05-16,1.41,3,353,5,
52611613,* Adorable home w/parking near great restaurants *,232967878,1468802372405829537,Diana,,NINTH WARD,42.65674,-73.79221,Entire home/apt,268,2,158,2026-05-17,2.78,14,243,20,
52691284,+ Perfect place to make memories with loved ones +,232967878,1468802372405829537,Diana,,TENTH WARD,42.66236,-73.79245,Entire home/apt,819,1,113,2026-05-31,1.99,14,236,23,
52837196,★MODERN 1BR Apt w/ PRIVATE deck! W/D★,47625981,1462707263288165799,Linda,,FOURTH WARD,42.65812,-73.74837,Entire home/apt,217,1,88,2025-10-20,1.56,16,196,12,
52863776,Washington Parkside 1 Bedroom In 1800s Brownstone!,355777684,1463516757680974768,Lloyd,,SIXTH WARD,42.65826,-73.76944,Entire home/apt,154,1,283,2026-06-13,5.01,3,327,75,
53483727,Spacious Urban APT w/4BR & Office in Albany,433096110,1469960451015410512,Brian,,FOURTEENTH WARD,42.65824,-73.80114,Entire home/apt,315,1,188,2026-06-14,3.47,4,230,30,
53567589,Private Garden Apt in Downtown Albany|Pets Allowed,433096110,1469960451015410512,Brian,,SIXTH WARD,42.65204,-73.76655,Entire home/apt,177,1,308,2026-06-07,5.61,4,89,39,
53645427,★ BEAUTIFUL  2 BED 2 BATH  w/ SOAKER TUB + W/D★,47625981,1462707263288165799,Linda,,FOURTH WARD,42.65913,-73.74722,Entire home/apt,269,1,144,2026-05-24,2.62,16,178,24,
53860077,/ Sauna Garden Getaway\ 1943 SUNY Eagle Hill,4259750,1462534529294832741,Peter,,FIFTEENTH WARD,42.674675,-73.822861,Entire home/apt,701,1,62,2026-05-26,1.20,8,356,22,
53971505,Charming 1 Bdrm Garden Apt in Historic Brownstone,60293220,1466741239795455187,David,,FOURTH WARD,42.65873,-73.7494,Entire home/apt,,13,3,2022-12-31,0.06,3,365,0,
54126420,Pine Hills Stay 1 Bedroom,37769478,1465565296852923022,Erion,,TENTH WARD,42.66261,-73.79026,Entire home/apt,146,1,124,2026-05-24,2.54,16,248,19,
54126421,Beautiful 2 BDR Apartment in the heart of Albany,37769478,1465565296852923022,Erion,,SIXTH WARD,42.65422,-73.76996,Entire home/apt,183,1,82,2026-05-31,1.59,16,325,13,
54126427,Beautiful 1 bedroom In the heart of Albany,37769478,1465565296852923022,Erion,,SIXTH WARD,42.65403,-73.77056,Entire home/apt,173,1,192,2026-04-01,3.55,16,337,56,
54150131,Charming 170-Year-Old Home in the Heart of Albany,432936385,1463689402952759374,Jared,,SIXTH WARD,42.65143,-73.76497,Entire home/apt,,1,266,2026-03-08,5.13,1,0,39,
54369238,"Cozy townhouse, close to hospital, free parking!",152762198,1468498032337807838,Allen,,NINTH WARD,42.65578,-73.78641,Entire home/apt,144,3,87,2026-05-17,1.92,9,219,29,
54369240,Lovely 1 bedroom rental close to Alb Med!,152762198,1468498032337807838,Allen,,TENTH WARD,42.65905,-73.77964,Entire home/apt,137,3,66,2026-03-13,1.33,9,319,9,
559249822516788574,Cozy 1 bedroom with office and luxurious King size,433884293,1463691595726230778,Uniah,,NINTH WARD,42.66062,-73.79112,Entire home/apt,95,5,2,2023-06-26,0.04,1,363,0,
588298411730694861,Modern one bedroom with free off street parking,353498132,1463513883551164046,Michael,,SECOND WARD,42.64441,-73.75647,Entire home/apt,108,13,17,2026-03-01,0.35,6,166,3,
593272120497643087,Jesse's Suite @ The Historic Jesse Buel House,382970529,1463574448322349045,Thomas,,THIRTEENTH WARD,42.66911,-73.79869,Private room,124,1,157,2026-05-03,3.25,12,3,31,
617242073954595468,Iconic City Center Apt in Downtown | Pets Allowed,433096110,1469960451015410512,Brian,,SIXTH WARD,42.65353,-73.7679,Entire home/apt,177,1,242,2026-06-15,4.84,4,91,63,
619695112394148331,Modern luxury one bedroom with off street parking,353498132,1463513883551164046,Michael,,SECOND WARD,42.64489,-73.75731,Entire home/apt,152,13,12,2026-02-20,0.25,6,282,2,
621960198566758900,The Historic Jesse Buel Farmhouse,382970529,1463574448322349045,Thomas,,FOURTEENTH WARD,42.66762,-73.79919,Entire home/apt,1701,1,18,2025-09-25,0.38,12,148,3,
628163387057233327,★SPACIOUS 1BR Apt w/ Character 10ft Ceilings W/D!★,47625981,1462707263288165799,Linda,,SECOND WARD,42.64528,-73.75861,Entire home/apt,208,1,66,2026-05-29,1.35,16,189,9,
628824127129967353,Clean lines and accessible Convenient Location!,7164949,1462725085982507597,Jordan,,THIRD WARD,42.66169974831227,-73.76466827605744,Private room,94,3,0,,,1,88,0,
634108143238179968,Perfect for Families and Traveling Professionals,119340359,1468216801748309332,Lori,,SIXTH WARD,42.65323,-73.76797,Entire home/apt,,30,103,2025-07-30,2.09,2,0,2,
638900897313146306,🪴 Historic & Homey 1 Bdrm Apt @ Downtown Albany,335923036,1469650748931621016,Mohammed,,SECOND WARD,42.645351,-73.753647,Entire home/apt,1267,1,10,2023-08-26,0.20,1,365,0,
649973892551492641,Modern luxury studio with free off street parking,353498132,1463513883551164046,Michael,,SECOND WARD,42.64625,-73.75663,Entire home/apt,216,14,8,2024-11-26,0.17,6,166,0,
658638185191740358,CHEERFULL 3 BEDROOM HOME WITH FREE PARKING.,466389096,1470102386072068557,Patrice,,FIRST WARD,42.6374547,-73.7716647,Entire home/apt,214,5,5,2023-09-22,0.10,2,357,0,
662132809952482192,Beautiful 4 bedroom house Large eat in kitchen,466389096,1470102386072068557,Patrice,,FIRST WARD,42.6378819,-73.7715269,Entire home/apt,176,7,2,2024-08-12,0.04,2,365,0,
677623197606854496,**New Listing! Modern 2 bdrm Apt in Mansion Area!,203631769,1469062611976814767,Johnny,,SECOND WARD,42.64531,-73.75963,Entire home/apt,,2,28,2023-09-29,0.60,1,0,0,
689719338468663432,"Elegant, spacious studio apt in historic mansion",1717342,1462519919373256389,David,,SIXTH WARD,42.654057650371506,-73.76071299629517,Entire home/apt,149,1,348,2026-05-29,7.47,2,315,80,
692807914756117019,Relax in Style by Washington Park - Free Parking,67337944,1466832051573526445,Rabia,,ELEVENTH WARD,42.6623,-73.777,Entire home/apt,84,31,103,2025-02-23,2.44,1,166,0,
699073700185633508,"Historic Gem, Fireplace,2BR/2BA,Capitol District",476189412,1470146476912630337,Timothy,,SECOND WARD,42.6468502,-73.7587258,Entire home/apt,436,2,10,2026-03-22,0.22,3,122,5,
703551649845095095,Cozy Albany Home,3650672,1462636138054181084,Zuhair,,THIRTEENTH WARD,42.67075,-73.79704,Entire home/apt,290,2,6,2025-12-24,0.26,1,160,2,
704544922160063127,Cozy 1 Bedroom Apt in desirable Albany locale,58406953,1466699997445536392,Nicholas,,THIRTEENTH WARD,42.67485,-73.79867,Entire home/apt,145,3,9,2026-01-28,0.20,1,162,6,
705660262559003663,Luxurious one bedroom with off-street parking,353498132,1463513883551164046,Michael,,SECOND WARD,42.64577,-73.7583,Entire home/apt,232,13,10,2025-09-28,0.24,6,166,2,
717373135846408345,Charming Central Escape | 2BR + Parking,232967878,1468802372405829537,Diana,,THIRTEENTH WARD,42.67261,-73.79262,Entire home/apt,228,2,75,2026-05-15,1.69,14,65,10,
735879623743921266,Modern & Homey 1BD/1BA Fl 1 Apt @ Downtown Albany,44434571,1462696988014217001,Earl Vanze,,THIRD WARD,42.64564,-73.75261,Entire home/apt,155,1,114,2026-05-26,2.58,11,357,33,
736893992132754814,Lovely private room in center square for $700/mo,77367219,1466947389624223375,Elizabeth,,SIXTH WARD,42.65643,-73.76402,Private room,30,30,3,2024-10-05,0.07,1,319,0,
737574278276037589,4 bed all on one floor,232967878,1468802372405829537,Diana,,TENTH WARD,42.66069,-73.78555,Entire home/apt,403,1,46,2025-03-02,1.05,14,66,0,
739722503092755616,Adirondack Suite #1,98744672,1462867442279269365,Bela,,NINTH WARD,42.6543178,-73.7818222,Private room,86,2,47,2026-04-09,1.06,8,324,9,
744430701454304507,"1 Bedroom on Lincoln Park, near Lark and Downtown",65414985,1466808985903086145,James,,SEVENTH WARD,42.6496,-73.76792,Entire home/apt,147,2,47,2026-05-25,1.22,2,355,16,
756752556396798800,Private Room in the Center of the Albany,69729286,1462790700336018491,Musab,,SIXTH WARD,42.65259,-73.76732,Private room,55,20,22,2026-05-05,0.52,2,241,4,
757342235277207834,Elegant Studio in Center Square,188679144,1468977843653292721,Elizabeth,,SIXTH WARD,42.65534,-73.76461,Entire home/apt,104,7,15,2026-02-15,0.35,11,312,1,
757978037279611051,Charming location near universities & hospital,232967878,1468802372405829537,Diana,,THIRTEENTH WARD,42.67261,-73.79262,Entire home/apt,249,2,70,2026-05-06,1.74,14,36,18,
761141715827746314,ParkSouth Stay 2 Bedroom with Parking,37769478,1465565296852923022,Erion,,SIXTH WARD,42.65405,-73.76953,Entire home/apt,183,1,50,2026-05-10,1.17,16,259,5,
764508866835218670,Rest+Restore Room • Short & Extended Stay •,6203319,1462700523222803714,Melissa,,TENTH WARD,42.66117,-73.79091,Private room,115,1,44,2026-05-17,1.02,2,10,13,
774701102203414342,Entire cozy unit in Albany,261036923,1463326778054643322,Hasan,,FOURTEENTH WARD,42.6601,-73.80719,Entire home/apt,91,4,78,2026-05-31,1.85,1,231,15,
784781397995494758,Private Entry to bedroom and private bath,491907850,1470214969641115041,Donna,,FOURTEENTH WARD,42.66298,-73.81361,Private room,78,1,62,2026-05-23,1.53,1,164,42,
786181179052991690,Center Square Gem: Junior 1 Bedroom,188679144,1468977843653292721,Elizabeth,,THIRD WARD,42.65653,-73.76223,Entire home/apt,81,30,3,2024-01-27,0.09,11,364,0,
786228331433922432,Glamorous 1BR Retreat in Center Square,188679144,1468977843653292721,Elizabeth,,SIXTH WARD,42.65322,-73.76249,Entire home/apt,87,30,5,2025-12-31,0.15,11,354,1,
786316043239579100,Elegant newly renovated cozy smart apartment,253824490,1463308175112754076,Tomar,,FIFTH WARD,42.6591503133547,-73.75431932508945,Entire home/apt,149,2,43,2026-04-19,1.05,1,302,7,
787023821243442039,*The Allen House* Gorgeous Apartment - Sleeps 8,349460842,1469695254081708328,Scott,,FOURTEENTH WARD,42.6653,-73.7943,Entire home/apt,292,1,150,2026-05-31,3.73,21,105,38,
794723189688979530,Newly Renovated| Washer&Dryer|5G Wifi,20144241,1462611969350918116,Vertesol,,FIFTH WARD,42.67283,-73.77367,Entire home/apt,137,1,24,2026-03-28,0.65,1,255,9,
795541666227926706,Historic Washington Park Inn | Full Mansion | 7 BR,493882819,1470223390787852349,Terra,,NINTH WARD,42.656329,-73.7752048,Shared room,840,1,9,2026-05-14,0.26,6,141,4,
796231143904004713,Historic Washington Park Inn | Room 4 | Floor 2,493882819,1470223390787852349,Terra,,NINTH WARD,42.65582,-73.77541,Private room,167,1,12,2024-12-01,0.34,6,185,0,
797455132224782470,Albany Medical/colleges/Downtown Albany/ Room O,89705052,1467086595495050432,Share,,TENTH WARD,42.65741,-73.78034,Private room,69,2,23,2025-11-11,0.56,2,101,9,
802216634798169031,Historic Washington Park Inn | Room 6 | Floor 2,493882819,1470223390787852349,Terra,,SIXTH WARD,42.65751,-73.77409,Private room,190,1,6,2024-10-13,0.17,6,171,0,
803604897479679272,3br/2ba Near Alb Med & St.Petes.,21886921,1463166332430839208,David,,FOURTEENTH WARD,42.66691,-73.79338,Entire home/apt,,14,7,2026-04-30,0.19,1,2,3,
803814397190632412,Historic Washington Park Inn | Room 5 | Floor 2,493882819,1470223390787852349,Terra,,NINTH WARD,42.656329,-73.775205,Private room,179,1,6,2024-10-11,0.17,6,181,0,
803867986023966300,Historic Washington Park Inn | Room 1 | 1st Floor,493882819,1470223390787852349,Terra,,NINTH WARD,42.656329,-73.775205,Private room,167,1,10,2025-08-27,0.28,6,187,1,
809524698302742033,Two bedroom apartment near hospitals pet friendly,172658781,1468675849054193840,Jessica,,NINTH WARD,42.65613971519499,-73.79212237894535,Entire home/apt,110,30,3,2026-05-24,0.22,2,161,2,
813640070361665090,The front room w/ TV and king size bed,116935236,1462910582703398538,F S,,THIRTEENTH WARD,42.67144,-73.79033,Private room,63,5,24,2026-06-14,0.69,5,360,7,
816085193659797849,Cozy Apartment across the Park,37769478,1465565296852923022,Erion,,SIXTH WARD,42.65258,-73.76917,Entire home/apt,153,1,59,2026-05-17,1.44,16,311,19,
821566342267452838,COMFY Room/w Private BATH + TV,177073982,1463066913788605267,Cristian,,FOURTEENTH WARD,42.66109,-73.80479,Private room,13,90,3,2023-11-30,0.07,2,294,0,
826301775871257033,2 br apt 2 min walk to albanymed offstreet parking,484673863,1463812301581155362,Michaela,,NINTH WARD,42.655006189125345,-73.77570156008005,Entire home/apt,236,1,80,2026-06-06,1.98,3,355,45,
831122937768017113,Boho-Chic Cape Conveniently Located,210596861,1469098760288323827,Craig,,FIFTEENTH WARD,42.67076,-73.82612,Entire home/apt,363,2,140,2026-06-14,3.52,1,321,35,
841524382518312215,Mellow Cove,462042479,1470081562273400334,Natasha,,SIXTH WARD,42.66008,-73.76977,Entire home/apt,137,3,6,2024-07-09,0.18,2,362,0,
841524433909352403,Cozy Cove Away From Home,462042479,1470081562273400334,Natasha,,SIXTH WARD,42.65987,-73.77025,Entire home/apt,137,3,12,2023-12-03,0.33,2,357,0,
843481456379840308,Center Square Serenity: 2-Bedroom Elegance,188679144,1468977843653292721,Elizabeth,,SIXTH WARD,42.65483,-73.76353,Entire home/apt,114,14,2,2023-09-04,0.05,11,364,0,
845960193409947556,Modern Cottage-Perfect for Families!,268741708,1469420371084299171,Antoinette,,FIRST WARD,42.63504,-73.79833,Entire home/apt,587,1,160,2026-06-01,4.07,1,134,44,
846586211673806912,Spacious Home Away from Home!,49372011,1465752744052885633,Philip,,TWELFTH WARD,42.67336,-73.78619,Entire home/apt,266,2,21,2026-05-17,0.54,2,173,2,
849460179246794510,Your luxury home away from home,1761578,1462577741228520078,Grant,,SIXTH WARD,42.65432,-73.76531,Entire home/apt,236,3,2,2025-02-17,0.07,2,233,0,
850173470105833039,Stunning Guest Suite in Historic 1874 Row House,120815848,1468228525761219525,Phat,,SECOND WARD,42.6446,-73.75885,Private room,160,1,233,2026-06-14,5.99,1,330,57,
850653820133738660,"Plum room, private queen near Albany Med, UAlbany",20536619,1462613529423158163,Emily,,THIRTEENTH WARD,42.67177,-73.79464,Private room,97,4,18,2026-02-13,0.51,13,75,2,
857981934159027424,Updated Historic Brownstone Apt.,60293220,1466741239795455187,David,,THIRD WARD,42.65817,-73.74935,Entire home/apt,137,3,30,2026-05-25,0.80,3,339,8,
870457209918967324,Quiet Room Near Everything,177073982,1463066913788605267,Cristian,,FOURTEENTH WARD,42.66128,-73.80548,Private room,13,90,4,2024-03-02,0.12,2,203,0,
881231954286264195,ParkSouth Brickhouse 1 Bedroom,37769478,1465565296852923022,Erion,,SIXTH WARD,42.65379,-73.76901,Entire home/apt,144,1,31,2026-05-17,0.81,16,356,11,
882229561343619620,Modern / Downtown Albany 1 BR APT,512736975,1470305963298869838,Miguelino,,TENTH WARD,42.6599733,-73.7747433,Entire home/apt,124,1,79,2026-04-19,2.10,2,206,16,
887167811237271928,The Comfort II,459472925,1470068859259063426,Gabriel,,THIRD WARD,42.66246,-73.76576,Private room,49,7,32,2025-11-07,0.87,2,364,5,
887179061681202083,The Comfort,459472925,1470068859259063426,Gabriel,,THIRD WARD,42.6628771,-73.76534029999999,Private room,50,7,30,2025-06-08,0.80,2,312,0,
888859204851381094,Walk to Downtown Albany: Ten Broeck Triangle Apt!,121680792,1468235421089255785,Evolve,,THIRD WARD,42.6573,-73.7521,Entire home/apt,190,2,19,2026-05-31,0.51,4,354,3,
898743867240851780,"Airy 5Br-2Ba,Kids Rm, 6TVs,Pvt Fence-yard&Parking!",516414095,1470323148780791004,Rashawn,,TENTH WARD,42.66087,-73.78655,Entire home/apt,307,2,66,2026-06-07,1.81,1,245,13,
902166216060824525,2 bdrm Modern & Hip Apt w/ Patio,47625981,1462707263288165799,Linda,,SEVENTH WARD,42.64787,-73.76707,Entire home/apt,257,1,65,2026-05-30,1.78,16,182,15,
902326803627859755,"""The LEO Home"" Private Bedroom 4",349460842,1469695254081708328,Scott,,TENTH WARD,42.66174,-73.78325,Private room,46,30,2,2026-04-13,0.36,21,325,2,
904392960639597224,/Luxury Modern Western Hideout\,4259750,1462534529294832741,Peter,,THIRTEENTH WARD,42.6652959,-73.7868778,Entire home/apt,196,1,23,2025-12-14,0.63,8,264,4,
905007131419044966,*The Red House* 4 Bedrooms•Beautifully Renovated,349460842,1469695254081708328,Scott,,TENTH WARD,42.66217,-73.78299,Entire home/apt,300,1,108,2026-06-01,3.03,21,352,40,
916983723755256572,Luxury apartment near Saint Peter / Albany Med,283643924,1469486022042258531,Joe,,FOURTEENTH WARD,42.65872,-73.79555,Entire home/apt,73,28,7,2026-03-06,0.20,1,273,3,
917510613914219375,"R&R | Hospitals, Colleges + Politics",6203319,1462700523222803714,Melissa,,TENTH WARD,42.66261,-73.79158,Private room,92,1,18,2026-02-15,0.50,2,36,8,
919055506310955442,Room for rent,502751555,1470260288284691464,Grace,,FIFTH WARD,42.67292,-73.7776,Private room,107,1,0,,,1,364,0,
921076441920995839,Work hard! Play hard!,521669673,1470347340308191612,Kody,,THIRD WARD,42.6586,-73.75743,Entire home/apt,103,7,3,2024-12-21,0.09,4,268,0,
928948908785846870,Newly Renovated Gem in Melrose - Pet Friendly,441054845,1469990977034908433,Thaddeus,,THIRTEENTH WARD,42.67066,-73.79571,Entire home/apt,,2,96,2026-05-03,2.72,2,0,27,
932642358896439621,Stylish top floor apt w/parking,232967878,1468802372405829537,Diana,,THIRTEENTH WARD,42.67224,-73.79301,Entire home/apt,172,2,52,2026-05-16,1.47,14,10,11,
934035097653060273,Historic Washington Park Inn | Room 7 | Floor 2,493882819,1470223390787852349,Terra,,SIXTH WARD,42.65655,-73.77434,Private room,167,1,10,2026-05-16,0.28,6,178,2,
937837897631191844,Hudson 2 at The Argus Hotel,526358730,1470367137726823676,Argus,,SIXTH WARD,42.65867,-73.77479,Private room,174,1,3,2026-04-19,0.09,11,189,1,
937917144482762419,Hudson 3 ADA at The Argus Hotel,526358730,1470367137726823676,Argus,,TENTH WARD,42.65908,-73.77456,Private room,174,1,9,2025-08-02,0.26,11,147,2,
937927979762952955,Hudson 4 at The Argus Hotel,526358730,1470367137726823676,Argus,,TENTH WARD,42.66043,-73.77432,Private room,174,1,3,2025-07-10,0.14,11,188,1,
937935210290408974,Hudson 5 at The Argus Hotel,526358730,1470367137726823676,Argus,,SIXTH WARD,42.65847,-73.77272,Private room,174,1,7,2026-05-02,0.22,11,190,1,
937943638262956751,Whalen 1 Suite at The Argus Hotel,526358730,1470367137726823676,Argus,,SIXTH WARD,42.65908,-73.77326,Private room,292,1,4,2026-03-01,0.13,11,182,2,
937959604296602771,Whalen 2 Deluxe at The Argus Hotel,526358730,1470367137726823676,Argus,,TENTH WARD,42.66003,-73.7732,Private room,280,1,2,2026-03-05,0.19,11,184,2,
937966967490420635,Whalen 3 at The Argus Hotel,526358730,1470367137726823676,Argus,,SIXTH WARD,42.65857,-73.7744,Private room,241,1,0,,,11,185,0,
938260134617291567,Whalen 4 at The Argus Hotel,526358730,1470367137726823676,Argus,,SIXTH WARD,42.65893,-73.77448,Private room,241,1,0,,,11,187,0,
938266199766701429,Knickerbocker 1 The Argus Hotel,526358730,1470367137726823676,Argus,,TENTH WARD,42.66037,-73.77327,Private room,241,1,0,,,11,190,0,
938271786418327576,Knickerbocker 3 The Argus Hotel,526358730,1470367137726823676,Argus,,SIXTH WARD,42.65868,-73.77333,Private room,331,1,0,,,11,187,0,
938280419686165005,Historic Carriage House  in Washington Park,526358730,1470367137726823676,Argus,,TENTH WARD,42.66036,-73.7729,Entire home/apt,431,1,19,2026-02-22,0.55,11,181,3,
938421117122010799,"The backroom with TV, Queen bed and extra futon",116935236,1462910582703398538,F S,,ELEVENTH WARD,42.6708367,-73.7853116,Private room,76,5,27,2025-09-15,0.77,5,334,1,
938431811499141903,The little room with TV and twin bed,116935236,1462910582703398538,F S,,THIRTEENTH WARD,42.66974,-73.78611,Private room,61,5,49,2026-04-20,1.39,5,334,13,
942750363293463100,The spacious room w/ tv dresser/desk,116935236,1462910582703398538,F S,,ELEVENTH WARD,42.67034,-73.7851,Private room,72,5,23,2026-06-06,0.78,5,345,4,
950211425725610511,"Historic, Spacious Mansion Suite",1717342,1462519919373256389,David,,SIXTH WARD,42.6541815,-73.76086049999999,Entire home/apt,287,1,259,2026-06-07,7.52,2,313,84,
950613505102507073,Modern and cozy home,529844022,1470381028518590517,Eraj,,FIRST WARD,42.6376753,-73.76854089999999,Entire home/apt,,1,14,2026-02-08,1.74,1,0,14,
963920695464462572,Comfy studio in heart of Albany,189586864,1468983213877861643,Justin,,SIXTH WARD,42.65241,-73.77002,Entire home/apt,184,1,139,2026-05-28,4.08,1,335,38,
965313684808466476,Historic Brownstone in Downtown Albany,533703131,1470395782866195813,Abel,,THIRD WARD,42.656658760865334,-73.74939680099487,Entire home/apt,,1,6,2025-05-10,0.41,1,0,0,
966287799980701967,"Modern 2-bed Apt / Hospitals, SUNY, State Office",374765317,1469762544714882673,Tanjin,,FIFTEENTH WARD,42.67059,-73.81678,Entire home/apt,160,3,28,2025-12-17,0.84,1,164,7,
969886763377526954,Abba House historic Retreat - 1st Floor Queen Bed,382970529,1463574448322349045,Thomas,,FOURTEENTH WARD,42.66877,-73.79927,Private room,90,1,165,2026-06-01,5.16,12,14,37,
980034348801186320,Chic Madison Parkview,241123402,1469281511815529913,JShing,,SIXTH WARD,42.65312775001394,-73.76950465142727,Entire home/apt,177,1,42,2026-06-05,1.29,1,295,17,
983306819910081094,The House That Pat Built,114183978,1468177318288045326,Tyrell,,FIFTH WARD,42.66628,-73.76512,Entire home/apt,209,2,7,2025-11-02,0.22,1,107,2,
989010058281318863,Modern 1BR in a great location,75667477,1466929387541484377,Ahmad,,THIRD WARD,42.65515515851637,-73.76052582647431,Entire home/apt,109,30,10,2026-02-01,0.30,1,218,3,
990935487146379699,Garden level apartment | Center Sq-great location!,93905065,1467133198053733616,Grace,,SIXTH WARD,42.652599240074956,-73.761780139996,Entire home/apt,144,1,43,2026-05-13,1.47,1,69,24,
992119832780871644,Two bedroom close to colleges!,152762198,1468498032337807838,Allen,,FOURTEENTH WARD,42.67098,-73.80695,Entire home/apt,177,3,37,2026-05-24,1.13,9,264,19,
992554549672159765,5BR/4BA Retreat | Fire Pit + BBQ,476189412,1470146476912630337,Timothy,,SEVENTH WARD,42.64485687096462,-73.77281881169621,Entire home/apt,625,2,24,2026-06-12,0.84,3,127,14,
993431459821117738,Albany 3 Bedroom Apt. Sleeps 6,309980121,1469578219005111520,Zhechao Ronald,,SIXTH WARD,42.65623,-73.7641152,Entire home/apt,,7,12,2024-02-29,0.37,1,0,0,
999161887055542119,"Spacious Apartment Downtown Albany, NY",531209536,1470386116918435368,Amar,,THIRD WARD,42.65762,-73.75116,Entire home/apt,161,1,59,2026-05-16,1.82,2,253,24,
1004978540001566331,Elegant Albany Retreat | Mins to D/T & UAlbany,31318080,1465460656968872710,Cindy,,EIGHTH WARD,42.6555,-73.81066,Entire home/apt,258,2,97,2026-05-31,3.42,1,215,41,
1005978346817864540,Massive 4BD/3BA 2-Fl Townhouse Apt Downtown Albany,44434571,1462696988014217001,Earl Vanze,,SECOND WARD,42.64534889999999,-73.75364650000002,Entire home/apt,355,1,106,2026-05-13,3.31,11,352,39,
1007354086435981132,Top floor w/off street parking,232967878,1468802372405829537,Diana,,TENTH WARD,42.66091,-73.78453,Entire home/apt,,1,39,2025-06-21,1.22,14,0,0,
1010759793485911351,Abba House Historic Retreat - 3rd Flr Twin Bed,382970529,1463574448322349045,Thomas,,THIRTEENTH WARD,42.67003,-73.79771,Private room,80,1,75,2026-04-30,2.35,12,18,11,
1010759799610182054,Abba House Historic Retreat - Queen Bed w/ Single,382970529,1463574448322349045,Thomas,,THIRTEENTH WARD,42.66971,-73.79755,Private room,84,1,113,2026-05-29,3.55,12,10,42,
1010760496997974537,ABBA House Retreat - King Bed w/ Large Office,382970529,1463574448322349045,Thomas,,FOURTEENTH WARD,42.66806608232022,-73.79824947027458,Private room,73,1,19,2026-05-23,0.59,12,3,17,
1012862218478447339,ABBA House Retreat: Centrally Located Grand Manor,382970529,1463574448322349045,Thomas,,THIRTEENTH WARD,42.669899245465515,-73.7977031057611,Entire home/apt,1265,1,11,2026-05-30,1.76,12,337,11,
1013659440189111738,Abba House Historic Retreat - 2nd Floor Full Bed,382970529,1463574448322349045,Thomas,,FOURTEENTH WARD,42.66873,-73.7993,Private room,86,1,53,2026-04-17,1.67,12,9,31,
1015385216942267174,纽约州首府的温馨小屋,182509542,1463079287487627691,Yan,,NINTH WARD,42.6558992,-73.7965699,Private room,35,1,0,,,1,88,0,
1016050146219474145,Heart of Albany - Downtown Near Everything,42708277,1465634482472875867,Rodney,,SIXTH WARD,42.65539,-73.76416,Entire home/apt,199,1,62,2026-05-29,1.95,5,58,21,
1018295677909928470,ABBA House Retreat- Queen Bed w/ Large Closet,382970529,1463574448322349045,Thomas,,FOURTEENTH WARD,42.66792031298625,-73.79895760671212,Private room,75,1,54,2026-05-29,1.72,12,10,37,
1018299533220989494,Abba House Historic Retreat - 2nd Floor Queen Bed,382970529,1463574448322349045,Thomas,,THIRTEENTH WARD,42.66996,-73.79816,Private room,86,1,110,2026-06-02,3.48,12,9,21,
1018972187574908115,Rowhouse 9 ParkSouth 1 Bedroom,37769478,1465565296852923022,Erion,,SIXTH WARD,42.6535,-73.77046,Entire home/apt,164,1,71,2026-05-24,2.26,16,334,11,
1020518500251473070,Downtown Studio,233515764,1469243869147543959,Etem,,SECOND WARD,42.64714,-73.75466,Entire home/apt,123,1,219,2026-06-04,7.12,8,231,75,
1020993107237604444,*Beautiful* Spacious Prime DT 1 Bedroom Apt w GYM,47625981,1462707263288165799,Linda,,THIRD WARD,42.6586,-73.76421,Entire home/apt,216,1,30,2026-04-03,0.96,16,190,9,
1021011347006185640,*Spacious* Modern 1 Bedroom RARE Apt w GYM,47625981,1462707263288165799,Linda,,THIRD WARD,42.65971,-73.76382,Entire home/apt,216,1,37,2026-06-08,1.19,16,1,8,
1034722814589239236,"*Huge, bright, private 2Bedroom*",130404008,1468306677866187635,Michael,,THIRD WARD,42.65711,-73.75133,Entire home/apt,,4,2,2024-09-01,0.09,1,0,0,
1043565517982254841,2 bed room Apartment,212885959,1469112315837239647,Osas,,SECOND WARD,42.63976,-73.75705,Entire home/apt,171,1,31,2026-05-25,1.09,1,347,12,
1052381112116173923,Fully Furnished 2BR- 5 min to Albany Med Downtown,52464523,1465849167933258661,Dashima,,FIRST WARD,42.64081,-73.77463,Entire home/apt,93,30,9,2025-04-18,0.30,1,257,0,
1056469473906808728,"Bonjour, Bienvenue A Chez Pierre",553112010,1470471539964542907,Lynn,,TWELFTH WARD,42.7149,-73.87649,Private room,,2,1,2024-10-26,0.05,1,268,0,
1061814091773376272,Massive 5BD/4BA 3-Story Duplex @ Downtown Albany,44434571,1462696988014217001,Earl Vanze,,SECOND WARD,42.64418,-73.75316,Entire home/apt,531,1,24,2026-05-31,0.85,11,351,6,
1062527013885315764,"Nighthawk room, private twin near AMC, UAlbany",20536619,1462613529423158163,Emily,,THIRTEENTH WARD,42.67096,-73.79514,Private room,82,4,17,2026-05-20,0.59,13,72,5,
1079742757364810916,Lark St Oasis: Parking & Laundry,119340359,1468216801748309332,Lori,,SIXTH WARD,42.65531,-73.76449,Entire home/apt,,2,10,2025-11-11,0.35,2,0,3,
1090781013234004527,Newly renovated cozy apartment !,521669673,1470347340308191612,Kody,,THIRD WARD,42.65975,-73.76311,Entire home/apt,88,14,1,2024-11-24,0.05,4,268,0,
1091500387329731524,Triplex oasis w:parking near MVP,232967878,1468802372405829537,Diana,,SECOND WARD,42.64409,-73.75709,Entire home/apt,131,2,98,2026-05-28,3.50,14,77,32,
1097995825442731795,Walkable Studio: Restaurants & Fun Just Steps Away,232967878,1468802372405829537,Diana,,SIXTH WARD,42.65269,-73.76567,Entire home/apt,132,2,70,2026-05-20,2.53,14,37,21,
1100876731732967826,"Homey, Quiet 2BR W/ Washer Dryer",152762198,1468498032337807838,Allen,,FOURTEENTH WARD,42.67008,-73.80691,Entire home/apt,148,3,51,2026-03-23,1.93,9,257,21,
1102984130027939637,Rowhouse 03 1 BDR Apartment,37769478,1465565296852923022,Erion,,SIXTH WARD,42.65289,-73.76834,Entire home/apt,181,1,67,2026-05-17,2.42,16,360,17,
1104977057298366617,Abba House historic Retreat - 2nd Floor Queen,382970529,1463574448322349045,Thomas,,THIRTEENTH WARD,42.66943,-73.79882,Private room,97,1,56,2025-10-21,2.02,12,13,7,
1105303461851883481,Downtown Brownstone with a View!,14817455,1462947568708012843,Matt,,THIRD WARD,42.65749,-73.75263,Entire home/apt,,2,0,,,1,211,0,
1111221935683053416,Historical Pastures,418250661,1463653071014668004,Stephanie,,THIRD WARD,42.6564469,-73.7507251,Entire home/apt,125,2,27,2026-03-22,0.99,2,189,15,
1112912010299078781,Travelers House - Private 2 bedrooms with a deck,42700558,1465634369911298135,Sefa,,FOURTEENTH WARD,42.66431440028217,-73.81606654264979,Entire home/apt,118,3,3,2026-03-13,0.83,1,112,3,
1119691401020641385,Center Square Garden Apt + W/D | Walk to Capitol,472965048,1470133120701424590,Short & Comfy,,SIXTH WARD,42.65348,-73.7637,Entire home/apt,195,1,30,2026-05-09,1.12,2,266,15,
1120212616553191970,Historic Garden Retreat in 1858 Row House + W/D,472965048,1470133120701424590,Short & Comfy,,SIXTH WARD,42.65194,-73.76526,Entire home/apt,210,1,36,2026-05-28,1.34,2,266,8,
1121699903906738345,Cozy apartment in Albany,1761578,1462577741228520078,Grant,,SIXTH WARD,42.65314,-73.76546,Entire home/apt,314,2,6,2025-02-18,0.22,2,161,0,
1123231471304541808,"Modern townhouse 2 Bedrooms, King Bed, parking",10279606,1462836303318100245,Nori,,FIFTEENTH WARD,42.66901,-73.82402,Entire home/apt,219,2,89,2026-05-26,3.38,3,293,39,
1124558577325015506,Charming 1BR Near Capitol-Dwntwn,46312980,1465693635129179662,Robert,,SECOND WARD,42.646032,-73.760482,Entire home/apt,116,3,7,2026-05-09,0.28,2,216,3,
1124632058968031818,Modern Duplex - Historical Home,46312980,1465693635129179662,Robert,,SECOND WARD,42.646032,-73.760482,Entire home/apt,137,5,8,2026-02-26,0.30,2,83,3,
1128386510439836615,Welcome home travelers,502037254,1470257337985356382,Andrew,,SEVENTH WARD,42.64893,-73.76886,Entire home/apt,86,25,2,2024-08-03,0.08,2,210,0,
1131258472427093335,"Close to MVP/Airport/SUNY; 45m-1Hr: Saratoga, LG!",440509865,1469988841633864492,John,,FIFTEENTH WARD,42.674853495878494,-73.81692445092622,Entire home/apt,206,1,122,2026-06-13,5.41,1,328,71,
1134940445251354534,Calling all travelers,521669673,1470347340308191612,Kody,,THIRD WARD,42.65909,-73.75691,Entire home/apt,90,14,2,2025-05-15,0.08,4,268,0,
1135812630237897119,Cozy Bedrooms in Albany,522436003,1470350667412351703,Adriana,,THIRTEENTH WARD,42.6689614,-73.7890379,Private room,46,28,0,,,6,235,0,
1136433500940918827,"""The LEO Home"" Private Bedroom 1",349460842,1469695254081708328,Scott,,THIRTEENTH WARD,42.66368,-73.78128,Private room,78,6,0,,,21,364,0,
1141525488442370659,North Allen,522436003,1470350667412351703,Adriana,,THIRTEENTH WARD,42.6689614,-73.7890379,Private room,38,28,2,2025-10-10,0.19,6,236,2,
1142828940864329671,Safe Comfy Cozy 2 bedrooms.,574235481,1470568128206675385,Lavern,,FIRST WARD,42.64094,-73.7767,Entire home/apt,,2,4,2024-07-06,0.15,1,0,0,
1142832011692120213,Modern Cozy Retreat in Upstate NY-Guest Favorite,129023424,1468294562732566445,Riccardo,,THIRTEENTH WARD,42.67105,-73.7995,Entire home/apt,182,2,11,2026-05-25,0.44,1,297,5,
1146241260871564965,Larson Green,233515764,1469243869147543959,Etem,,SIXTH WARD,42.6524924,-73.7674361,Entire home/apt,157,1,119,2026-05-17,4.63,8,199,60,
1147092019793504034,Larson Blue,233515764,1469243869147543959,Etem,,SIXTH WARD,42.65274,-73.76779,Entire home/apt,128,2,102,2026-05-25,3.95,8,112,30,
1150611568915810847,Albany historic Washington Park,576083630,1470573709838300867,Joseph,,SIXTH WARD,42.6586049,-73.76803290000001,Entire home/apt,164,2,19,2026-02-26,0.75,1,227,8,
1158059552251999833,"""The Albany Allen Home"" Private Bedroom 1",349460842,1469695254081708328,Scott,,TENTH WARD,42.66428,-73.79249,Private room,72,28,2,2024-11-29,0.09,21,269,0,
1158239701426064904,Funky loft studio,502037254,1470257337985356382,Andrew,,THIRD WARD,42.65845,-73.75926,Entire home/apt,108,30,0,,,2,269,0,
1164651175585600815,*Private Entrance* Cozy Apt Bright + Modern W/D,47625981,1462707263288165799,Linda,,SEVENTH WARD,42.64727,-73.76758,Entire home/apt,216,1,16,2026-02-14,0.67,16,309,2,
1171795874799450911,Walk to convention center:Lark St:Capital,232967878,1468802372405829537,Diana,,SIXTH WARD,42.65314,-73.7653,Entire home/apt,235,2,79,2026-05-13,3.21,14,93,29,
1173390858101803102,New near major medical facility,232967878,1468802372405829537,Diana,,SEVENTH WARD,42.64442,-73.77938,Entire home/apt,400,2,32,2026-05-17,1.38,14,68,13,
1174544643387116469,"Spacious, Modern Gem in Melrose - Pet Friendly",441054845,1469990977034908433,Thaddeus,,THIRTEENTH WARD,42.66894,-73.79549,Entire home/apt,,2,76,2026-05-10,3.09,2,0,21,
1182574461437954732,Limited Time Listing,42708277,1465634482472875867,Rodney,,SIXTH WARD,42.6534205,-73.7639758,Entire home/apt,200,1,39,2026-05-23,1.62,5,55,13,
1183457852972127594,Upscale Listing-Heart of Albany,42708277,1465634482472875867,Rodney,,SIXTH WARD,42.65227,-73.7646,Entire home/apt,277,1,43,2026-04-13,1.84,5,36,19,
1183460523409924571,Albany Business Class Apartment,42708277,1465634482472875867,Rodney,,SIXTH WARD,42.6524,-73.76351,Entire home/apt,187,1,40,2026-05-18,1.67,5,54,21,
1185537980724624711,Empire Plaza Apartment,29483818,1465433984808331817,Ben,,SIXTH WARD,42.65327,-73.76181,Entire home/apt,134,1,249,2026-06-14,10.43,1,123,116,
1185591493744586895,"""The Albany Allen Home"" Private Bedroom 3",349460842,1469695254081708328,Scott,,FOURTEENTH WARD,42.66612,-73.79275,Private room,47,28,0,,,21,209,0,
1187591175698501325,House near major medical centers/colleges,232967878,1468802372405829537,Diana,,NINTH WARD,42.65502,-73.79183,Entire home/apt,343,1,29,2025-07-19,1.22,14,62,1,
1189245100874558445,Beautiful 2 Bedroom with Parking,37769478,1465565296852923022,Erion,,SIXTH WARD,42.65333,-73.7711,Entire home/apt,183,1,50,2026-06-01,2.35,16,349,26,
1189249179392132534,Pine Hills Stay 1 BDR with Parking,37769478,1465565296852923022,Erion,,TENTH WARD,42.66215,-73.79048,Entire home/apt,179,1,56,2026-05-17,2.39,16,320,21,
1191895319439613036,"Room in Albany, 4 minutes from AMC",32379616,1465475491698528907,Fabiola,,TENTH WARD,42.6605291,-73.7831549,Private room,33,28,2,2026-05-15,0.55,8,363,2,
1196459023545165129,Albany Vacation Rental w/ State Capitol Views!,121680792,1468235421089255785,Evolve,,SIXTH WARD,42.655732,-73.764735,Entire home/apt,294,5,0,,,4,350,0,
1198592120169206200,"""The LEO Home"" Private Bedroom 2",349460842,1469695254081708328,Scott,,TENTH WARD,42.66269,-73.78163,Private room,71,30,0,,,21,350,0,
1201525324551556925,Traveling Medical Professionals,413566290,1469883571234603399,Victoria,,NINTH WARD,42.65506735928797,-73.79768460988998,Private room,55,30,6,2025-12-18,0.26,3,47,1,
1208695175897245796,"""The Albany Allen Home"" Private Bedroom 5",349460842,1469695254081708328,Scott,,TENTH WARD,42.6639,-73.7927,Private room,72,28,0,,,21,364,0,
1209313814437527365,"Dali room, private queen near AMC, UAlbany",20536619,1462613529423158163,Emily,,THIRTEENTH WARD,42.67318,-73.79345,Private room,97,4,4,2025-08-01,0.19,13,88,2,
1224184445857718550,White Cozy Room,522436003,1470350667412351703,Adriana,,THIRTEENTH WARD,42.66859,-73.78832,Private room,38,28,4,2026-06-09,0.19,6,336,2,
1226835353025929478,Homey Room,522436003,1470350667412351703,Adriana,,THIRTEENTH WARD,42.6689404,-73.78900639999999,Private room,86,1,0,,,6,350,0,
1227494196390230149,/Audubon Apartment\ 3bed 1bath built1928 Pine Hill,52123673,1465829687105391120,Joseph,,THIRTEENTH WARD,42.66955,-73.78542,Entire home/apt,194,3,15,2026-05-04,0.70,3,348,8,
1230257693323535013,King Bed • Workspace • Laundry | Walk to Downtown,106636448,1467292946251360148,Dan,,SIXTH WARD,42.65507161089614,-73.76475094677727,Entire home/apt,253,1,88,2026-06-04,4.77,1,239,41,
1233366548908684664,Larson Gold,233515764,1469243869147543959,Etem,,SIXTH WARD,42.65173,-73.76786,Entire home/apt,157,1,116,2026-05-25,5.39,8,217,60,
1234376912864523021,Spacious Garden Apt in Center Square,564967431,1470493488948741235,Stephanie,,SIXTH WARD,42.65046806904435,-73.7643479581064,Entire home/apt,193,1,3,2026-06-06,0.15,3,342,1,
1242227342075722524,Nice room in downtown albany,594734396,1470623721755290090,Abdelrahman,,SECOND WARD,42.6425,-73.75889,Private room,69,1,40,2025-08-14,1.91,1,361,6,
1252203595666312568,"""The Albany Allen Home"" Private Bedroom 4",349460842,1469695254081708328,Scott,,TENTH WARD,42.665179051217486,-73.79260147965597,Private room,72,28,1,2025-10-07,0.12,21,304,1,
1252258297385952172,staycation CAP region,38324986,1465573387622962476,Gregory,,EIGHTH WARD,42.64548739100758,-73.7896032151887,Entire home/apt,313,4,0,,,1,362,0,
1252301211909514289,"""The Albany Allen Home"" Private Bedroom 2",349460842,1469695254081708328,Scott,,TENTH WARD,42.66555578069533,-73.79269774597833,Private room,77,21,1,2024-11-27,0.05,21,358,0,
1256391301639690602,Rowhouse 10 One Bedroom,37769478,1465565296852923022,Erion,,SIXTH WARD,42.65422976833157,-73.76982577313373,Entire home/apt,182,1,26,2026-05-30,1.26,16,331,16,
1256498995571429533,"""The LEO Home"" Private Bedroom 3",349460842,1469695254081708328,Scott,,TENTH WARD,42.66226,-73.78221,Private room,55,30,0,,,21,161,0,
1264531987910224088,"*Serene* Parkside 2BR Apt: Private Entrance, W/D",47625981,1462707263288165799,Linda,,SEVENTH WARD,42.64762856666501,-73.76751684061892,Entire home/apt,263,1,43,2026-05-25,2.11,16,333,16,
1265342374507338537,Stylish studio - downtown Albany,564967431,1470493488948741235,Stephanie,,SIXTH WARD,42.65004675077063,-73.76402178164355,Entire home/apt,150,1,6,2025-03-01,0.30,3,246,0,
1266676779473584420,Row house on the park,1017349,1462535916076052135,Chris,,SIXTH WARD,42.65319027333566,-73.76970599961155,Private room,,1,1,2024-10-26,0.05,1,82,0,
1268205616603776750,Central Location 1 Bed 1 Bath With Parking,270608641,1469429290124332461,Aleks,,SIXTH WARD,42.65137969505171,-73.76947069212083,Entire home/apt,145,1,62,2026-05-17,3.14,1,352,45,
1273861365984558378,Short term across from UAlbany,658588120,1470654189534900141,Melinda,,TWELFTH WARD,42.686850591818136,-73.81405551801146,Entire home/apt,,365,0,,,1,358,0,
1274613024891750632,Two bedroom apartment in the heart of Albany,32379616,1465475491698528907,Fabiola,,THIRD WARD,42.66487530937626,-73.76730339028755,Entire home/apt,85,1,1,2026-04-13,0.46,8,336,1,
1279781671588026640,Spacious & Quiet Townhouse Near Legislative Center,528617680,1470376282510767044,Paola,,SECOND WARD,42.6453112779392,-73.75793399720892,Private room,52,1,6,2025-02-19,0.30,1,305,0,
1279846646046615122,Private bedroom 7 minutes from Albany Med,32379616,1465475491698528907,Fabiola,,THIRD WARD,42.664093,-73.7679519,Private room,36,28,1,2026-03-02,0.28,8,297,1,
1284983740417509877,Cowen Residence Hospitality.,661066080,1470659732234285605,Conseta,,FOURTH WARD,42.67445142837617,-73.73835701264711,Entire home/apt,289,1,5,2025-10-11,0.29,1,177,2,
1289084606313003203,"1 bedroom apt close to hospitals,3min to Albanymed",484673863,1463812301581155362,Michaela,,NINTH WARD,42.656656284880796,-73.78182705491781,Entire home/apt,206,1,39,2026-03-16,2.03,3,348,10,
1292881870228693830,‘The Blue Home’ Private Bedroom 3 / 1 Full Bath,349460842,1469695254081708328,Scott,,TENTH WARD,42.66229705990609,-73.78175574496683,Private room,46,30,0,,,21,132,0,
1294330125585979004,Modern Luxury 2 bedroom w/yard,353498132,1463513883551164046,Michael,,EIGHTH WARD,42.64592834063253,-73.79876141165387,Entire home/apt,155,13,0,,,6,166,0,
1295804289767410494,'The Blue Home' Private Bedroom 1 / 1 Full Bath,349460842,1469695254081708328,Scott,,THIRTEENTH WARD,42.66345629680885,-73.7818281544101,Private room,71,30,1,2025-09-17,0.11,21,227,1,
1296651761769034648,Room in Albany,663670719,1470665576048474999,Elhadj,,THIRTEENTH WARD,42.664345438141105,-73.77874573138119,Private room,63,1,11,2025-10-01,0.65,3,226,2,
1296756366433115082,"Room In Albany, NY",663670719,1470665576048474999,Elhadj,,ELEVENTH WARD,42.66294970341223,-73.7789027115689,Private room,63,1,124,2026-06-05,6.61,3,306,80,
1298067362380112500,Fresh & Modernized 2BR Fl 1 Apt @ Downtown Albany,44434571,1462696988014217001,Earl Vanze,,SECOND WARD,42.64441207268658,-73.7522667363394,Entire home/apt,230,1,58,2026-05-17,3.27,11,350,37,
1308084493028885153,‘The Blue Home’ Private Bedroom 2 / 1 Full Bath,349460842,1469695254081708328,Scott,,TENTH WARD,42.66299894556866,-73.7825558531992,Private room,72,28,1,2025-08-13,0.10,21,177,1,
1308111521841678866,‘The Blue Home’ Private Bedroom 4 / 1 Full Bath,349460842,1469695254081708328,Scott,,TENTH WARD,42.66239946679698,-73.78271260107455,Private room,71,30,0,,,21,339,0,
1310170283925918533,Private Room In Albany,663670719,1470665576048474999,Elhadj,,ELEVENTH WARD,42.66375890730826,-73.77674406705056,Private room,66,1,71,2026-05-22,3.93,3,282,44,
1319619558594743733,Prime Location - 1 Bedroom,559146397,1470499883524653583,Cathleen,,SIXTH WARD,42.65331,-73.76971,Entire home/apt,95,31,0,,,2,318,0,
1319649416178819713,The Sweet spot,252422913,1469337246188155039,Dennis,,FIFTEENTH WARD,42.67077854215789,-73.82525054567722,Entire home/apt,245,2,8,2026-05-27,0.56,1,171,7,
1328247359330291677,The Whisky House,666182267,1463919623064717382,Tyler,,SIXTH WARD,42.65015,-73.76337,Entire home/apt,196,2,54,2026-06-15,3.27,1,254,42,
1328401906195927790,Top of The Capital,392074908,1463595615159577266,Jerry,,SIXTH WARD,42.65262,-73.76134,Entire home/apt,161,2,6,2026-05-18,0.38,3,321,2,
1329355205441244604,Albany Prime Location - 1 Bed,559146397,1470499883524653583,Cathleen,,SIXTH WARD,42.65344807383542,-73.76942854374647,Entire home/apt,97,31,0,,,2,333,0,
1334238579190312184,Charming & Roomy 3BR/1BA Fl 2 Apt @Downtown Albany,44434571,1462696988014217001,Earl Vanze,,SECOND WARD,42.6440750005831,-73.75452790055822,Entire home/apt,229,1,51,2026-06-07,3.45,11,302,41,
1346801758960246004,Center Sq 1BR| Walk to Capitol | Parking | Lark St,299638115,1469539483862628822,Flerida,,SIXTH WARD,42.6556643,-73.7618859,Entire home/apt,158,1,17,2026-05-24,1.44,4,361,17,
1350872245042831459,Capital City Escape,10279606,1462836303318100245,Nori,,FIFTEENTH WARD,42.67003713546928,-73.82302715231661,Entire home/apt,371,1,82,2026-06-07,5.06,3,337,61,
1358581858384454275,Two bedroom apartment in Albany,32379616,1465475491698528907,Fabiola,,THIRD WARD,42.66526304906058,-73.76716070107956,Entire home/apt,94,28,0,,,8,346,0,
1363867065584533091,A piece of mind,650062372,1470635778704216166,The Essencesless Cozy Stay,,THIRTEENTH WARD,42.66891,-73.79096,Entire home/apt,349,1,8,2026-03-22,0.59,1,319,5,
1366933239765507591,Vacation Home in Albany,680411288,1470701345227945948,Stephanie,,EIGHTH WARD,42.64533014600323,-73.789131045637,Entire home/apt,354,2,51,2026-05-25,3.36,1,214,36,
1369127908322228929,Capital Comfort Stay,584109093,1470597095475582937,Cecilia,,FOURTH WARD,42.66159372265361,-73.75439956511829,Entire home/apt,149,1,57,2026-06-14,3.74,1,318,48,
1369145599555854547,Lovely located 2 bdrm - Steps - Dwntwn & Hospitals,521669673,1470347340308191612,Kody,,FIFTH WARD,42.66023621248564,-73.75777994908182,Entire home/apt,84,14,0,,,4,274,0,
1369768924474303403,Near Hospitals: Home w/ Yard in Albany!,121680792,1468235421089255785,Evolve,,FIRST WARD,42.63962651941938,-73.7733080081594,Entire home/apt,273,2,1,2025-10-18,0.12,4,361,1,
1371626040166892504,Central cozy 4 bedroom w/King bed,20536619,1462613529423158163,Emily,,TENTH WARD,42.66315402479468,-73.78910123743358,Entire home/apt,165,28,1,2025-08-04,0.09,13,169,1,
1371829070623409671,"Walk to Albany Med, MVP Arena, Washington Park",265861488,1469406085973611788,Vander,,SIXTH WARD,42.65040602684423,-73.76433185078635,Entire home/apt,132,1,97,2026-06-15,6.66,1,305,81,
1374747174653747946,Family Home|Playground|Fire Pit|Driveway|Movies,193923901,1469009744438959087,Liza,,FOURTEENTH WARD,42.67057,-73.80939,Entire home/apt,354,1,38,2026-06-12,3.43,1,287,38,
1375007693720508441,A peaceful home away from home,385963105,1469793713240877657,Samantha,,FOURTEENTH WARD,42.66598411229728,-73.81880097091198,Entire home/apt,220,7,3,2025-11-01,0.23,1,68,2,
1376989617162173438,Cozy Sunshine,233515764,1469243869147543959,Etem,,SEVENTH WARD,42.64764408604364,-73.7715925383664,Entire home/apt,148,1,13,2026-03-11,0.88,8,209,11,
1377446918025263146,"Woodlands room, private queen, walk to AMC",20536619,1462613529423158163,Emily,,TENTH WARD,42.66148231183373,-73.78761856260732,Private room,,56,3,2025-10-26,0.28,13,0,3,
1377471842094741150,"Crimson private queen room, walk to Albany Med",20536619,1462613529423158163,Emily,,TENTH WARD,42.66310642184764,-73.78716159656459,Private room,,56,2,2025-11-23,0.22,13,0,2,
1377480167938312156,"Peony room, private w/ King bed!",20536619,1462613529423158163,Emily,,TENTH WARD,42.66183099633526,-73.78755056940085,Private room,,56,2,2025-11-23,0.17,13,0,2,
1379906377578749938,Cozy Sunset,233515764,1469243869147543959,Etem,,SEVENTH WARD,42.64628669280813,-73.7715308891403,Entire home/apt,148,1,47,2026-05-15,3.12,8,301,38,
1381163571420241600,Elegant Albany Home Next Downtown W/Free Breakfast,466790114,1468113968197472369,⁨Premier Stay Co.⁩,,ELEVENTH WARD,42.68231684583981,-73.7836715628194,Entire home/apt,87,1,17,2026-03-07,1.15,29,363,11,
1383513241348424944,Cozy Home 5 STAR AREA W/Parking,654226760,1470644572508600300,Chris,,FOURTEENTH WARD,42.66191,-73.7974412,Entire home/apt,297,1,62,2026-06-15,5.31,1,356,62,
1383910626115273822,"Cranberry room, large private queen near AMC",20536619,1462613529423158163,Emily,,TENTH WARD,42.66317303594558,-73.78912755444637,Private room,,56,1,2025-07-31,0.09,13,0,1,
1390171272060324410,New Large Bedroom! Has Parking!,55596850,1465910638818717668,Alain,,NINTH WARD,42.66002,-73.79333,Private room,55,8,1,2025-05-15,0.08,3,258,0,
1393482542585537728,Albany Cozy Room Next to downtown W/breakfast,466790114,1468113968197472369,⁨Premier Stay Co.⁩,,FIFTH WARD,42.67652148547361,-73.78111383843994,Entire home/apt,88,1,12,2026-05-09,0.84,29,363,10,
1393634936904017469,"New Bedroom! Centrally located, Includes Laundry!",55596850,1465910638818717668,Alain,,NINTH WARD,42.659475284293904,-73.79368120012339,Private room,56,7,5,2025-12-20,0.36,3,271,3,
1395671676833912969,The Small Yellow Room with twin bed /tv,116935236,1462910582703398538,F S,,THIRTEENTH WARD,42.669917189344,-73.78632927186241,Private room,57,5,4,2026-05-29,0.40,5,319,4,
1396921235971014566,New Bedroom Centrally Located! Parking & Laundry,55596850,1465910638818717668,Alain,,FOURTEENTH WARD,42.661116057130855,-73.79408139551636,Private room,38,28,3,2025-08-30,0.25,3,257,3,
1402461183704514588,4 bedroom house with all the amenities,32379616,1465475491698528907,Fabiola,,TENTH WARD,42.6605291,-73.7831549,Entire home/apt,120,14,2,2025-08-10,0.17,8,359,2,
1405327220192978468,Room near SUNY Albany and 4 minutes from AMC,32379616,1465475491698528907,Fabiola,,TENTH WARD,42.659903296506094,-73.78257397435888,Private room,36,28,0,,,8,305,0,
1409646921435856252,Albany Getaway Near Brewery District,692671333,1470726612193802855,Paul,,FOURTH WARD,42.67225930444639,-73.7390519905538,Entire home/apt,159,2,7,2026-06-05,0.72,1,57,7,
1429997390383679972,Downtown ALB • Hot Tub • Game Room • Free Parking,71003491,1466878587921518723,Yasiel,,THIRD WARD,42.65665,-73.74868,Entire home/apt,540,2,22,2026-05-28,2.14,1,241,22,
1432721201430838386,/Purple Potty\3bed1ba Apartment,52123673,1465829687105391120,Joseph,,THIRTEENTH WARD,42.669159851758046,-73.78528794056903,Entire home/apt,259,2,4,2025-08-31,0.36,3,350,4,
1432823196473666155,"Charming, Spacious Apt Downtown Albany",531209536,1470386116918435368,Amar,,THIRD WARD,42.6579207870488,-73.75026566418697,Entire home/apt,157,1,1,2026-02-22,0.25,2,110,1,
1434108183586713709,Albany Cozy Suite Close to Downtown with Breakfast,466790114,1468113968197472369,⁨Premier Stay Co.⁩,,ELEVENTH WARD,42.682246872011966,-73.78338389658927,Entire home/apt,94,1,21,2026-05-29,1.68,29,364,20,
1434112653259573474,Stylish Albany Room W/Breakfast Next to Downtown.,466790114,1468113968197472369,⁨Premier Stay Co.⁩,,ELEVENTH WARD,42.680525565301686,-73.7852461638938,Entire home/apt,85,1,7,2025-11-21,0.62,29,358,7,
1435590570769303352,Cozy apartment in beautiful Downtown Albany,167102397,1468618508441552844,Nathan,,SIXTH WARD,42.65422697397571,-73.76720390736077,Entire home/apt,117,2,29,2026-06-09,2.43,2,243,29,
1435797229942642808,Global Entry Unit # 1 (2nd Floor Walk-up),130497392,1468307481012535510,Dale,,SIXTH WARD,42.65759,-73.7652,Entire home/apt,,7,0,,,2,365,0,
1439472202376740681,Timelessly Restored 2-Bed Fl 2 Apt @DowntownAlbany,44434571,1462696988014217001,Earl Vanze,,SECOND WARD,42.64439,-73.75296,Entire home/apt,242,1,35,2026-05-24,2.91,11,167,35,
1441615290727481693,Room close to AMed and St peters,652223872,1470640333106308270,Umit,,TENTH WARD,42.66035,-73.78296,Private room,44,3,2,2025-07-30,0.17,1,365,2,
1447202556849361134,/Red Den Apartment\3bed1bath,52123673,1465829687105391120,Joseph,,THIRTEENTH WARD,42.66951,-73.78736,Entire home/apt,220,2,3,2025-11-28,0.27,3,361,3,
1448501719166920474,Comfy & Convenient 2-Bed Fl 1 Apt @DowntownAlbany,44434571,1462696988014217001,Earl Vanze,,SECOND WARD,42.64587,-73.75356,Entire home/apt,180,1,15,2026-03-30,1.30,11,353,15,
1450136720901316807,A charming apartment.,675767467,1470691541967011596,Jeffrey,,SECOND WARD,42.64535,-73.75678,Entire home/apt,75,1,88,2026-06-14,8.07,2,319,88,
1450156329560932974,Spacious convenient to Hospital and capital,675767467,1470691541967011596,Jeffrey,,SECOND WARD,42.645104811339436,-73.75712113379716,Entire home/apt,75,1,84,2026-06-07,7.54,2,323,84,
1453493003584640545,Spacious 2-Bed Queen|Free Parking,696324825,1470734202239876019,Martin,,ELEVENTH WARD,42.67878121331852,-73.78212919711405,Hotel room,,1,2,2025-08-10,0.18,1,87,2,
1453848711003760340,Cozy Monthly | Pvt | W/D | Pets,172658781,1468675849054193840,Jessica,,NINTH WARD,42.6561578,-73.7921126,Entire home/apt,107,31,2,2026-03-02,0.29,2,70,2,
1454415655361201543,Albany Cozy Stay W/Breakfast Close to Downtown,466790114,1468113968197472369,⁨Premier Stay Co.⁩,,FIFTH WARD,42.67619,-73.78121,Entire home/apt,83,1,3,2026-02-08,0.28,29,365,3,
1454417108090792705,Albany Cozy Room W/Breakfast Next to Downtown,466790114,1468113968197472369,⁨Premier Stay Co.⁩,,FIFTH WARD,42.67639,-73.78086,Entire home/apt,90,1,15,2026-05-17,1.35,29,363,15,
1454418356838968327,Albany Cozy room W/Breakfast Close to Downtown,466790114,1468113968197472369,⁨Premier Stay Co.⁩,,FIFTH WARD,42.67612,-73.78092,Entire home/apt,104,1,21,2026-03-18,1.81,29,361,21,
1455799924350084157,Charming 1 Bedroom House,37769478,1465565296852923022,Erion,,TENTH WARD,42.66355584811417,-73.7934588865277,Entire home/apt,160,1,7,2026-05-02,0.62,16,353,7,
1459126168828019962,The Dove: A Peaceful Large Studio Private Bathroom,363028988,1469729206266130870,Roland,,FOURTEENTH WARD,42.6677,-73.80023,Entire home/apt,81,5,24,2026-05-26,2.14,5,300,24,
1459718314728545998,Historic Downtown Albany 2 Bdrm,272907816,1469440311505165885,Angela,,SECOND WARD,42.64604,-73.75419,Entire home/apt,309,1,17,2026-06-14,1.54,3,83,17,
1462505515338851900,2BR w/ Parking + deck - Near Downtown & MVP Arena,181867269,1468755136294349565,Andres,,SECOND WARD,42.64403,-73.75853,Entire home/apt,199,1,52,2026-06-14,4.80,2,322,52,
1464782804892875821,2BR w/ Parking + Deck • Near MVP Arena,181867269,1468755136294349565,Andres,,SECOND WARD,42.64491,-73.7594,Entire home/apt,199,1,38,2026-06-14,3.54,2,343,38,
1465797274904716360,Downtown Living Space,418250661,1463653071014668004,Stephanie,,THIRD WARD,42.65704,-73.75167,Entire home/apt,133,14,0,,,2,350,0,
1468113967156529966,Albany Luxury Room W/Breakfast Next to Downtown,466790114,1468113968197472369,⁨Premier Stay Co.⁩,,FIFTH WARD,42.67627,-73.78226,Entire home/apt,91,1,6,2026-05-09,0.63,29,360,6,
1468119019136340688,Albany Central Room W/Breakfast Next to Downtown,466790114,1468113968197472369,⁨Premier Stay Co.⁩,,ELEVENTH WARD,42.68022603152647,-73.78336880840826,Entire home/apt,97,1,5,2026-05-30,0.56,29,360,5,
1470493488040078187,The Madison- Work Friendly Apt with Parking,564967431,1470493488948741235,Stephanie,,SIXTH WARD,42.65116120175577,-73.76489493995905,Entire home/apt,139,2,2,2026-02-26,0.49,3,290,2,
1472122509160785254,Bright & Airy 1 BDRM Private Apt,47625981,1462707263288165799,Linda,,FOURTH WARD,42.65791,-73.74669,Entire home/apt,172,1,13,2026-05-09,1.20,16,352,13,
1473485941065182946,Slate private queen room near AMC,20536619,1462613529423158163,Emily,,TENTH WARD,42.66295,-73.78792,Private room,82,4,2,2025-09-16,0.19,13,50,2,
1473500943932986440,"Silver private queen room, central location",20536619,1462613529423158163,Emily,,TENTH WARD,42.66241617967561,-73.78837960927946,Private room,78,5,1,2025-11-02,0.13,13,114,1,
1473509751949424528,"Ivory private queen, walk to AMC",20536619,1462613529423158163,Emily,,TENTH WARD,42.66325814454161,-73.78982669559142,Private room,83,21,2,2026-02-16,0.36,13,36,2,
1476084665532782592,Sienna private queen near AMC,20536619,1462613529423158163,Emily,,TENTH WARD,42.66232293480178,-73.78771391087372,Private room,43,28,2,2026-02-12,0.19,13,102,2,
1476780998285613744,Downtown Luxe- Steps to MVP Arena & NYS Capital,710552538,1476780999248566039,Jonathan,,THIRD WARD,42.6498098,-73.75325649999999,Entire home/apt,120,2,11,2026-03-01,1.09,1,164,11,
1477111453930200793,Ontario's Luxe House,10279606,1462836303318100245,Nori,,NINTH WARD,42.65547,-73.78949,Entire home/apt,485,1,58,2026-06-07,5.94,3,315,58,
1477115953609986339,Global Entry Unit # 2 (3rd Floor Walk-up),130497392,1468307481012535510,Dale,,SIXTH WARD,42.65787363814481,-73.76544767506958,Entire home/apt,,3,0,,,2,361,0,
1477468172276783780,"Spacious 4br home near hospitals, schools",20536619,1462613529423158163,Emily,,TENTH WARD,42.66344,-73.78752,Entire home/apt,160,28,0,,,13,102,0,
1479696659954496070,Central Albany Retreat | Walk Everywhere + Parking,19648678,1463087024016718788,Ming,,SIXTH WARD,42.6523779,-73.7671603,Entire home/apt,160,1,36,2026-06-07,3.75,7,345,36,
1481862654824444067,Albany Elegant room with Breakfast Next Downtown,466790114,1468113968197472369,⁨Premier Stay Co.⁩,,ELEVENTH WARD,42.67808,-73.78208,Entire home/apt,88,1,5,2026-05-01,0.59,29,363,5,
1481865863422349835,Albany Cozy Room Next to Downtown With Breakfast,466790114,1468113968197472369,⁨Premier Stay Co.⁩,,FIFTH WARD,42.675801777825,-73.78036874911213,Entire home/apt,83,1,2,2025-10-19,0.23,29,359,2,
1481869272871304149,Albany Cozy Home with Breakfast Next to Downtown,466790114,1468113968197472369,⁨Premier Stay Co.⁩,,FIFTH WARD,42.67736,-73.78108,Entire home/apt,87,1,10,2026-04-19,0.99,29,356,10,
1482199242377376639,Albany Modern Home W/Breakfast Minutes to Downtown,466790114,1468113968197472369,⁨Premier Stay Co.⁩,,ELEVENTH WARD,42.680940501431586,-73.7846106000441,Entire home/apt,90,1,11,2026-04-27,1.09,29,357,11,
1485723149961736573,Lovely Albany room with Breakfast Next to Downtown,466790114,1468113968197472369,⁨Premier Stay Co.⁩,,ELEVENTH WARD,42.68205,-73.7846,Entire home/apt,92,1,1,2026-03-20,0.34,29,365,1,
1485726503410193437,Albany Central room Breakfast minutes to Downtown,466790114,1468113968197472369,⁨Premier Stay Co.⁩,,ELEVENTH WARD,42.68211,-73.78306,Entire home/apt,87,1,4,2026-05-23,0.41,29,362,4,
1498161268794053659,Apartment in Albany,111760206,1498161269504657459,Rachel,,SIXTH WARD,42.65334,-73.76605,Entire home/apt,115,1,47,2026-05-03,5.20,1,166,47,
1498389804589049324,Downtown 3BR duplex full kitchen parking off i-787,478816393,1498389805557540852,Lee,,THIRD WARD,42.6567,-73.75412,Entire home/apt,295,1,38,2026-05-26,6.26,1,203,38,
1498884258657376096,Cozy Room - Best City Location,534733076,1470399789180792870,Danyal,,SIXTH WARD,42.653261512538336,-73.76980902840452,Private room,67,2,22,2026-05-16,2.29,1,71,22,
1498913624552583326,"Elegant 1BR in Historic Center Square, Albany",188679144,1468977843653292721,Elizabeth,,SIXTH WARD,42.65479,-73.76274,Entire home/apt,99,30,0,,,11,365,0,
1510280924413149938,Cozy Teal Retreat | 1 Mile Albany Medical & VA Med,79099670,1510280925088337910,Nathan,,SEVENTH WARD,42.64166,-73.78424,Private room,126,1,3,2026-05-09,0.33,1,136,3,
1511453437878117120,Large Studio Downtown with Pool Table,390089294,1468722721823294155,Traverse,,SIXTH WARD,42.65294,-73.76511,Entire home/apt,160,1,0,,,6,359,0,
1511463115578002586,Large 1 bedroom downtown!,390089294,1468722721823294155,Traverse,,FOURTH WARD,42.67410612815129,-73.75067767016992,Entire home/apt,174,2,1,2026-03-26,0.36,6,135,1,
1511475748634247539,Spacious Downtown 1BR Cozy Apartment!,390089294,1468722721823294155,Traverse,,SIXTH WARD,42.65562,-73.76445,Entire home/apt,128,2,0,,,6,358,0,
1511560319275262460,Spacious Studio | Downtown,390089294,1468722721823294155,Traverse,,SIXTH WARD,42.65426,-73.76308,Entire home/apt,116,2,1,2026-03-10,0.30,6,359,1,
1511573692636646423,Very Comfortable Studio Downtown,390089294,1468722721823294155,Traverse,,SIXTH WARD,42.65228,-73.76491,Entire home/apt,137,2,0,,,6,361,0,
1511582525879389671,Downtown Cozy Studio - Comfy & Clean!,390089294,1468722721823294155,Traverse,,SIXTH WARD,42.65303,-73.76101,Entire home/apt,213,2,0,,,6,358,0,
1518943235257584991,Stylish 3BR Stay Near Albany Medical Center,188679144,1468977843653292721,Elizabeth,,NINTH WARD,42.65527,-73.78585,Entire home/apt,193,7,1,2025-12-19,0.17,11,339,1,
1519726896462850649,Spacious 4BR Home Near Hospitals • FREE Parking,488778056,1519726897123584458,Kotun,,TENTH WARD,42.65841,-73.78321,Entire home/apt,465,1,32,2026-06-15,6.19,1,320,32,
1521064839093130562,Modern Albany Room Next to Downtown with Breakfast,466790114,1468113968197472369,⁨Premier Stay Co.⁩,,ELEVENTH WARD,42.6817,-73.78439,Entire home/apt,102,1,5,2026-04-25,0.60,29,365,5,
1522036487464000982,Suite One - 1 Bedroom Apartment,37769478,1465565296852923022,Erion,,SIXTH WARD,42.65393,-73.7693,Entire home/apt,143,1,13,2026-05-24,1.78,16,329,13,
1523640223905336810,Historic Brick City Center Glow,706406610,1523640224573903108,JNM Living Spaces,,SIXTH WARD,42.65323354077172,-73.76717951148748,Entire home/apt,234,1,3,2026-04-13,0.38,2,330,3,
1526311749920806783,"Bright, Clean, Convenient. Close to Albany Med.",478607033,1526215612849525610,Meredith,,NINTH WARD,42.65539199421058,-73.79223161741,Private room,106,1,0,,,2,125,0,
1528281264652621033,ParkSide Retreat - 2 BDR with Off Street Parking,37769478,1465565296852923022,Erion,,SIXTH WARD,42.6542,-73.77128,Entire home/apt,210,1,27,2026-06-01,3.25,16,324,27,
1528330624684718752,Charming 2 BR home in Albany,15064470,1462953343897056064,Rebecca,,EIGHTH WARD,42.642732215973844,-73.79208773618511,Entire home/apt,185,1,53,2026-06-02,6.60,1,282,53,
1533289095503516108,Midtown Retreat!,340511465,1533289096231172864,AnnMarie,,NINTH WARD,42.64724,-73.79126,Private room,109,1,12,2026-06-14,1.49,1,323,12,
1536247531274306165,Welcome to Albany! Close to Hospitals and Shops.,478607033,1526215612849525610,Meredith,,NINTH WARD,42.65602,-73.79093,Private room,89,1,1,2026-05-17,1,2,313,1,
1536278546396096866,Cozy Albany room with Breakfast Next to Downtown,466790114,1468113968197472369,⁨Premier Stay Co.⁩,,ELEVENTH WARD,42.68018,-73.78375,Entire home/apt,115,1,12,2026-05-24,1.65,29,351,12,
1536284748778227579,Elegant Albany Home with Breakfast Close Downtown,466790114,1468113968197472369,⁨Premier Stay Co.⁩,,ELEVENTH WARD,42.68006,-73.78465,Entire home/apt,105,1,3,2026-03-01,0.43,29,354,3,
1537317274129063828,"2 bedrooms, 1 bathroom [HUGE] Furnished apartment",455342215,1463743979502545596,Allah,,FIRST WARD,42.63622,-73.76152,Entire home/apt,82,1,0,,,1,351,0,
1539257231318688412,Hot Tub Patio + 2 Ensuites | Walk to Capitol & MVP,476189412,1470146476912630337,Timothy,,SECOND WARD,42.64685431072279,-73.75872250646353,Entire home/apt,539,2,17,2026-05-24,3.04,3,90,17,
1543521505193089890,Stylish renovated 2 bedroom apartment KING bed!,107206246,1467299384872595155,Furdowse,,FOURTEENTH WARD,42.6588327,-73.8016217,Entire home/apt,253,1,13,2026-06-09,3.94,2,349,13,
1543563506149572271,'The Morris Home' Private Bedroom 4 / 2 Full Bath,349460842,1469695254081708328,Scott,,TENTH WARD,42.6618257,-73.7869405,Private room,72,28,1,2026-05-12,0.83,21,312,1,
1551748338533337194,Urban Micro Loft | Central Albany + Parking,19648678,1463087024016718788,Ming,,SIXTH WARD,42.653638559003035,-73.76603515627508,Entire home/apt,119,1,19,2026-06-11,3.73,7,341,19,
1552262639712311369,'The Morris Home' Private Bedroom 5 / 2 Full Bath,349460842,1469695254081708328,Scott,,TENTH WARD,42.66271913809538,-73.78779238125394,Private room,72,28,0,,,21,320,0,
1554405857186813446,Charming Cottage,147780154,1468448553386507958,Julia,,EIGHTH WARD,42.6566942427135,-73.81901754349369,Entire home/apt,,3,0,,,1,358,0,
1557309322062215916,Cozy Albany Home with Breakfast Next to Downtown,466790114,1468113968197472369,⁨Premier Stay Co.⁩,,ELEVENTH WARD,42.67997,-73.78387,Entire home/apt,95,1,4,2026-05-17,0.58,29,365,4,
1557418437023831902,Great Two bedroom in Albany NY-Centrally Located,302714563,1557418437739450217,Sherra,,SIXTH WARD,42.6508268,-73.76684019999999,Entire home/apt,177,1,3,2025-12-25,0.44,1,46,3,
1558212573214197450,Lovely & Spacious 3BR by Albany Med,188679144,1468977843653292721,Elizabeth,,NINTH WARD,42.65644,-73.78689,Entire home/apt,159,14,1,2026-04-10,0.44,11,357,1,
1566232743630647475,Historic City Center Brick Getaway,706406610,1523640224573903108,JNM Living Spaces,,SIXTH WARD,42.653880296695746,-73.7679764985571,Entire home/apt,149,2,4,2026-02-26,0.86,2,288,4,
1566707423187643353,Albany Cozy home with Breakfast Next to Downtown,466790114,1468113968197472369,⁨Premier Stay Co.⁩,,ELEVENTH WARD,42.68137,-73.78513,Entire home/apt,85,1,14,2026-06-01,2.88,29,362,14,
1567582934369300353,Larson Honey,233515764,1469243869147543959,Etem,,SIXTH WARD,42.651955805017266,-73.76696731690608,Entire home/apt,126,1,1,2026-05-24,1,8,26,1,
1568368313802744532,AMC Traveling Medical Professionals!,413566290,1469883571234603399,Victoria,,NINTH WARD,42.65524020991202,-73.79811074584723,Private room,77,1,3,2026-02-16,0.49,3,67,3,
1569797647320776814,"Landing | Spectacular 2BD, Gym",263502162,1463333307662174289,Landing,,NINTH WARD,42.65309,-73.77427,Entire home/apt,,30,2,2026-01-19,0.40,2,349,2,
1569797656869013772,"Landing | Chic 1BD, Gym",263502162,1463333307662174289,Landing,,SIXTH WARD,42.654448842562516,-73.77460435258136,Entire home/apt,,30,2,2026-05-05,0.42,2,347,2,
1574726862531115374,Walk to Albany Med in 5 minutes!,413566290,1469883571234603399,Victoria,,NINTH WARD,42.65319,-73.78387,Private room,63,7,4,2026-06-08,0.83,3,189,4,
1576913365361669361,Albany Central room with Breakfast Next Downtown,466790114,1468113968197472369,⁨Premier Stay Co.⁩,,ELEVENTH WARD,42.68146,-73.78313,Entire home/apt,99,1,5,2026-05-26,1.47,29,362,5,
1576918550123676963,Lovely Albany Room with Breakfast Next Downtown,466790114,1468113968197472369,⁨Premier Stay Co.⁩,,ELEVENTH WARD,42.68006,-73.78386,Entire home/apt,91,1,9,2026-05-16,1.80,29,362,9,
1579101894592916093,Charming Albany Retreat ~ 3 Mi to Downtown!,121680792,1468235421089255785,Evolve,,THIRTEENTH WARD,42.66958,-73.79722,Entire home/apt,204,4,1,2025-12-30,0.18,4,329,1,
1585685853276584426,The Grand on Clinton across from The Palace!,61433748,1466756036378985673,Kristy,,THIRD WARD,42.6550306,-73.7517294,Entire home/apt,190,1,14,2026-05-17,3.44,1,11,14,
1596638255963225382,Comfort and Spacious,323992015,1469615504079463643,Tanya,,EIGHTH WARD,42.64514,-73.78866,Entire home/apt,343,1,6,2026-06-15,2.47,1,312,6,
1597469740249614567,Albany-center-elite-apartment,739585626,1596638511267810744,Olena,,SECOND WARD,42.64533778412286,-73.76016440370483,Entire home/apt,115,1,2,2026-05-17,1.87,1,340,2,
1598781483129471644,"Chic 2BR Retreat in Albany Cozy, Stylish & Central",47625981,1462707263288165799,Linda,,SEVENTH WARD,42.649013030685936,-73.76681391621523,Entire home/apt,269,1,6,2026-05-17,1.57,16,344,6,
1601567688822954799,Two-bedroom House Albany,73777155,1601567689964826000,Rich,,EIGHTH WARD,42.65162,-73.81077,Entire home/apt,209,2,5,2026-03-08,1.23,1,166,5,
1604760798212891657,Empire State Executive Suite| Prime Plaza Location,42708277,1465634482472875867,Rodney,,SIXTH WARD,42.65462,-73.76027,Entire home/apt,185,1,11,2026-05-22,2.32,5,361,11,
1606217702961434071,& Peaceful Modern Home Near Central Albany,114629237,1462905603864055800,Bronson,,FIFTH WARD,42.66915740651244,-73.76762620544702,Entire home/apt,,2,2,2026-03-24,0.47,1,0,2,
1607330191548894098,Relaxing 1BD Stay Albany W/Breakfast Next Downtown,466790114,1468113968197472369,⁨Premier Stay Co.⁩,,ELEVENTH WARD,42.68169,-73.78467,Entire home/apt,83,1,1,2026-02-16,0.25,29,365,1,
1607334788715779524,Albany Comfy 1BD Hotel W/Breakfast Next Downtown,466790114,1468113968197472369,⁨Premier Stay Co.⁩,,ELEVENTH WARD,42.68166,-73.78337,Entire home/apt,114,1,1,2026-04-25,0.57,29,348,1,
1607340037754690734,Modern 1BD Room in Albany with Breakfast & view,466790114,1468113968197472369,⁨Premier Stay Co.⁩,,ELEVENTH WARD,42.68231,-73.78321,Entire home/apt,81,1,1,2026-04-06,0.42,29,364,1,
1608920506882484163,‘The Morris Home’ Private Bedroom 1 / 2 Full Bath,349460842,1469695254081708328,Scott,,TENTH WARD,42.66238267923059,-73.78640926278895,Private room,72,28,1,2026-05-09,0.77,21,276,1,
1609491851248019576,Comfortable Home Near Downtown Albany & Highway,685706660,1470711917951773722,Antonio,,FIRST WARD,42.63919025375223,-73.77532939999998,Entire home/apt,148,1,12,2026-06-02,3.60,1,119,12,
1611095556132252611,Historic Albany Nest | Center of it All + Parking,19648678,1463087024016718788,Ming,,SIXTH WARD,42.65214369849858,-73.76736431886972,Entire home/apt,164,1,22,2026-06-07,5.41,7,343,22,
1621222584487520790,Large Bedroom in the heart of downtown Albany.,746227721,1621222585070982466,Idongesit,,SIXTH WARD,42.65458,-73.76775,Private room,71,1,5,2026-05-13,1.30,4,339,5,
1623402992949206626,‘The Morris Home’ Private Bedroom 6 / 2 Full Bath,349460842,1469695254081708328,Scott,,TENTH WARD,42.66113314106272,-73.78734172367153,Private room,77,21,0,,,21,319,0,
1624218047074268044,A beautiful home away from home for travelers.,746227721,1621222585070982466,Idongesit,,SIXTH WARD,42.65298117308955,-73.765667492881,Entire home/apt,226,1,10,2026-06-07,3.75,4,334,10,
1624220967411055978,Private 3BR Townhouse by St. Peter's | Fast Wi-Fi,433096110,1469960451015410512,Brian,,FOURTEENTH WARD,42.6586448,-73.80220039999999,Entire home/apt,288,1,9,2026-06-13,2.33,4,356,9,
1625785960216737938,Large Bedroom in the heart of downtown Albany.,746227721,1621222585070982466,Idongesit,,SIXTH WARD,42.65389,-73.76616,Private room,71,1,2,2026-03-21,0.64,4,335,2,
1625791020781487478,"Large room with walk in closet, work station",746227721,1621222585070982466,Idongesit,,SIXTH WARD,42.6539541879452,-73.76604151898783,Private room,71,1,5,2026-04-16,1.46,4,341,5,
1630478581803523846,Newly Renovated 3BR/2BA with Private Attic Suite,49372011,1465752744052885633,Philip,,SEVENTH WARD,42.64745,-73.76968,Entire home/apt,320,1,2,2026-05-12,0.64,2,353,2,
1633049934621785544,Apartment: King Bed + 2 Queens in Spacious 3BR,363028988,1469729206266130870,Roland,,THIRTEENTH WARD,42.66923873358176,-73.79797219218071,Entire home/apt,158,5,3,2026-03-29,0.95,5,299,3,
1633641779552135683,2 min walk to albanymed|offst parking| in unit W/D,484673863,1463812301581155362,Michaela,,NINTH WARD,42.6549957,-73.7757215,Entire home/apt,225,1,6,2026-06-01,2.07,3,347,6,
1635217551736403916,The Eagle: Cozy Queen Room in Shared Apartment,363028988,1469729206266130870,Roland,,FOURTEENTH WARD,42.66827,-73.79883,Private room,50,5,0,,,5,343,0,
1635240405807453219,The Owl: Queen Bedroom + Shared Kitchen & Bath,363028988,1469729206266130870,Roland,,FOURTEENTH WARD,42.66783,-73.80053,Private room,47,5,1,2026-04-29,0.61,5,310,1,
1635265580977393988,"The Falcon: large room, king side bed+ work space",363028988,1469729206266130870,Roland,,THIRTEENTH WARD,42.66919,-73.79865,Private room,69,5,3,2026-05-10,1.32,5,299,3,
1641527185850065348,Charming fully furnished 2BR + office next to AMC,338394812,1641527186526807425,Yuriy,,NINTH WARD,42.65427,-73.78645,Entire home/apt,150,2,8,2026-06-14,3.04,1,349,8,
1642831315752534884,2 Queen Beds Stay near Times Union Center,705140675,1508777579421482475,CH Hotels,,THIRD WARD,42.645489,-73.7502916,Hotel room,124,1,0,,,8,313,0,
1642831317373890484,Double Queen Room | Free Parking & Breakfast!,705140675,1508777579421482475,CH Hotels,,THIRD WARD,42.645489,-73.7502916,Hotel room,124,1,0,,,8,313,0,
1642831320500756516,2  Modern Downtown Albany Rooms for Group/Family!,705140675,1508777579421482475,CH Hotels,,THIRD WARD,42.645489,-73.7502916,Hotel room,248,1,0,,,8,312,0,
1642831320556495768,2 Restful Rooms for Downtown Albany Stays,705140675,1508777579421482475,CH Hotels,,THIRD WARD,42.645489,-73.7502916,Hotel room,248,1,0,,,8,312,0,
1642831328354866881,3 Units Near Hudson River w/ Free Parking!,705140675,1508777579421482475,CH Hotels,,THIRD WARD,42.64549,-73.75029,Hotel room,372,1,0,,,8,312,0,
1642831338477510068,3 Rooms for Family Stay w/ Free On-Site Parking!,705140675,1508777579421482475,CH Hotels,,THIRD WARD,42.645489,-73.7502916,Hotel room,372,1,0,,,8,312,0,
1642831357854862198,King Room near Empire State Plaza w/ Free Parking!,705140675,1508777579421482475,CH Hotels,,THIRD WARD,42.645489,-73.7502916,Hotel room,124,1,0,,,8,316,0,
1642831358435086060,Downtown Albany Room | Free Breakfast & Parking!,705140675,1508777579421482475,CH Hotels,,THIRD WARD,42.645489,-73.7502916,Hotel room,124,1,0,,,8,316,0,
1646643377149723211,New Modern 2 bedroom on the park,206292817,1469076025361862842,Eugene,,SIXTH WARD,42.65384,-73.76763,Entire home/apt,133,3,6,2026-06-03,2.31,2,331,6,
1649283129233038869,Rowhouse 23 Studio,37769478,1465565296852923022,Erion,,SIXTH WARD,42.6536325,-73.7702348,Entire home/apt,166,1,6,2026-05-23,2.65,16,336,6,
1651021732885315528,Soul-House,376559722,1651021733739134930,Zoe,,NINTH WARD,42.65544,-73.77679,Entire home/apt,160,1,6,2026-05-25,2.77,1,13,6,
1651425766372437283,"Albany Value Stay | Near Universities, Hospitals",744091135,1651425767220360415,RedAwning Vacation Rentals,,TENTH WARD,42.6618,-73.7901,Entire home/apt,442,1,2,2026-05-31,2,1,35,2,
1654602103016800086,New Modern 2 Bedroom on the Park,206292817,1469076025361862842,Eugene,,SIXTH WARD,42.65356,-73.76744,Entire home/apt,132,3,5,2026-06-10,2.68,2,335,5,
1656831350453126762,Beautiful Center Square garden apt w/ back patio.,754206433,1656831351148497929,Laura,,SIXTH WARD,42.65189235609319,-73.76530665904284,Entire home/apt,125,1,14,2026-06-08,7.12,1,315,14,
1666864619234503961,"Room in Albany, close to Albany Medical Center",32379616,1465475491698528907,Fabiola,,TENTH WARD,42.660078222165026,-73.78203276840343,Private room,45,28,0,,,8,361,0,
1668908560677750116,Central Albany Home with Breakfast Next Downtown,466790114,1468113968197472369,⁨Premier Stay Co.⁩,,TWELFTH WARD,42.68228286242759,-73.7850314479938,Entire home/apt,89,1,1,2026-06-16,1,29,365,1,
1671317227436920290,Larson Checkered,233515764,1469243869147543959,Etem,,SIXTH WARD,42.65340967092361,-73.76791194418492,Entire home/apt,124,2,4,2026-05-26,2.73,8,244,4,
1672441057520964004,Rowhouse 18 - 1BDR Park South,37769478,1465565296852923022,Erion,,SIXTH WARD,42.6536325,-73.7702348,Entire home/apt,208,1,1,2026-06-06,1,16,351,1,
1674955979432338865,Modern Stay on a budget (ideal for students/profs),1674955863584597658,1674955980061600771,Jose,,ELEVENTH WARD,42.66748,-73.77681,Private room,42,30,0,,,1,163,0,
1676923223760898823,"Serene and Cozy: Clean, Cozy Contemporary Living",1676922675439893386,1676923224672492325,Janelle,,FIRST WARD,42.6378758,-73.7594293,Entire home/apt,224,1,2,2026-06-07,2,1,362,2,
1679219922725006473,Central Albany Room with Breakfast,466790114,1468113968197472369,⁨Premier Stay Co.⁩,,ELEVENTH WARD,42.68014,-73.78438,Entire home/apt,96,1,3,2026-05-29,2.73,29,362,3,
1679228557851315055,Modern Albany Home with Breakfast Next Downtown,466790114,1468113968197472369,⁨Premier Stay Co.⁩,,ELEVENTH WARD,42.6814,-73.7843,Entire home/apt,97,1,1,2026-05-17,1,29,364,1,
1679242514590955763,Albany Marvelous Room with Breakfast Next Downtown,466790114,1468113968197472369,⁨Premier Stay Co.⁩,,ELEVENTH WARD,42.68033,-73.78411,Entire home/apt,91,1,0,,,29,358,0,
1680030011428536341,Location is prime! King & Full bed! Sleeps 4 cozy,107206246,1467299384872595155,Furdowse,,FOURTEENTH WARD,42.65883,-73.80162,Entire home/apt,200,1,0,,,2,361,0,
1681402940853722722,Two-bedroom apartment in beautiful Center Square,167102397,1468618508441552844,Nathan,,SIXTH WARD,42.65293,-73.76674,Entire home/apt,206,1,4,2026-06-08,3.64,2,209,4,
1681915932025735153,Perfect Albany Getaway Near Hospitals & Downtown,512736975,1470305963298869838,Miguelino,,TENTH WARD,42.66096,-73.77585,Entire home/apt,149,1,0,,,2,193,0,
1689544536474585971,Great spot in Albany,3073250,1462617669326761032,Dan,,SIXTH WARD,42.6512308,-73.76244630000001,Entire home/apt,213,1,0,,,1,319,0,
1697861560802480129,AMC Cozy Bedroom,522436003,1470350667412351703,Adriana,,SIXTH WARD,42.6538498,-73.77216,Private room,115,2,0,,,6,359,0,
1697894513901184937,MC Washington Park,522436003,1470350667412351703,Adriana,,SIXTH WARD,42.6538498,-73.77216,Private room,86,2,0,,,6,362,0,
1701482737257369614,Serenity Room,32379616,1465475491698528907,Fabiola,,THIRD WARD,42.66314603900656,-73.7684582494418,Private room,45,28,0,,,8,365,0,
